,CAS,Name,CAT_HH,CAT_WL,Inchi,Smiles
0,17804-35-2,Benomyl,CAT3a,CAT3b,"InChI=1S/C14H18N4O3/c1-3-4-9-15-13(19)18-11-8-6-5-7-10(11)16-12(18)17-14(20)21-2/h5-8H,3-4,9H2,1-2H3,(H,15,19)(H,16,17,20)",CCCCNC(=O)n1c(NC(=O)OC)nc2ccccc12
1,10605-21-7,Carbendazim,CAT2,CAT3,"InChI=1S/C9H9N3O2/c1-14-9(13)12-8-10-6-4-2-3-5-7(6)11-8/h2-5H,1H3,(H2,10,11,12,13)",COC(=O)Nc1[nH]c2ccccc2n1
2,63-25-2,Carbaryl,CAT1,CAT2,"InChI=1S/C12H11NO2/c1-13-12(14)15-11-8-4-6-9-5-2-3-7-10(9)11/h2-8H,1H3,(H,13,14)",CNC(=O)Oc1cccc2ccccc12
3,116-06-3,Aldicarb,CAT2,CAT3b,"InChI=1S/C7H14N2O2S/c1-7(2,12-4)5-9-11-6(10)8-3/h5H,1-4H3,(H,8,10)/b9-5+",CNC(=O)O\N=C\C(C)(C)SC
4,16752-77-5,Methomyl,CAT2,CAT3b,"InChI=1S/C5H10N2O2S/c1-4(10-3)7-9-5(8)6-2/h1-3H3,(H,6,8)/b7-4+",CNC(=O)O\N=C(/C)SC
5,309-00-2,Aldrin,CAT2,CAT2,"InChI=1S/C12H8Cl6/c13-8-9(14)11(16)7-5-2-1-4(3-5)6(7)10(8,15)12(11,17)18/h1-2,4-7H,3H2",ClC1=C(Cl)C2(Cl)C3C4CC(C=C4)C3C1(Cl)C2(Cl)Cl
6,60-57-1,Dieldrin,CAT2,CAT2,"InChI=1S/C12H8Cl6O/c13-8-9(14)11(16)5-3-1-2(6-7(3)19-6)4(5)10(8,15)12(11,17)18/h2-7H,1H2",ClC1=C(Cl)C2(Cl)C3C4CC(C5OC45)C3C1(Cl)C2(Cl)Cl
7,72-20-8,Endrin,CAT2,CAT2,"InChI=1S/C12H8Cl6O/c13-8-9(14)11(16)5-3-1-2(6-7(3)19-6)4(5)10(8,15)12(11,17)18/h2-7H,1H2",ClC1=C(Cl)C2(Cl)C3C4CC(C5OC45)C3C1(Cl)C2(Cl)Cl
8,57-74-9,Chlordane (cis- and trans-),CAT1,CAT2,"InChI=1S/C10H6Cl8/c11-3-1-2-4(5(3)12)9(16)7(14)6(13)8(2,15)10(9,17)18/h2-5H,1H2",ClC1CC2C(C1Cl)C3(Cl)C(=C(Cl)C2(Cl)C3(Cl)Cl)Cl
9,12789-03-6,Chlordane,CAT1,CAT2,"InChI=1S/C10H6Cl8/c11-3-1-2-4(5(3)12)9(16)7(14)6(13)8(2,15)10(9,17)18/h2-5H,1H2",ClC1CC2C(C1Cl)C3(Cl)C(=C(Cl)C2(Cl)C3(Cl)Cl)Cl
10,3734-48-3,Chlordene,CAT3a,CAT3b,"InChI=1S/C10H6Cl6/c11-6-7(12)9(14)5-3-1-2-4(5)8(6,13)10(9,15)16/h1-2,4-5H,3H2",ClC1=C(Cl)C2(Cl)C3C=CCC3C1(Cl)C2(Cl)Cl
11,27304-13-8,Oxychlordane,CAT2,CAT3,"InChI=1S/C10H4Cl8O/c11-3-1-2(6-9(3,16)19-6)8(15)5(13)4(12)7(1,14)10(8,17)18/h1-3,6H",ClC1C2C(C3OC13Cl)C4(Cl)C(=C(Cl)C2(Cl)C4(Cl)Cl)Cl
12,143-50-0,Kepone (Chlordecone),CAT1,CAT2,"InChI=1S/C10Cl10O/c11-2-1(21)3(12)6(15)4(2,13)8(17)5(2,14)7(3,16)9(6,18)10(8,19)20",ClC1(Cl)C2(Cl)C3(Cl)C4(Cl)C(=O)C5(Cl)C3(Cl)C1(Cl)C5(Cl)C24Cl
13,2597-11-7,1-Hydroxychlordene,CAT2,CAT3b,"InChI=1S/C10H6Cl6O/c11-6-7(12)9(14)5-3(1-2-4(5)17)8(6,13)10(9,15)16/h1-5,17H",OC1C=CC2C1C3(Cl)C(=C(Cl)C2(Cl)C3(Cl)Cl)Cl
14,115-29-7,Endosulfan,CAT2,CAT2,"InChI=1S/C9H6Cl6O3S/c10-5-6(11)8(13)4-2-18-19(16)17-1-3(4)7(5,12)9(8,14)15/h3-4H,1-2H2",ClC1=C(Cl)C2(Cl)C3CO[S](=O)OCC3C1(Cl)C2(Cl)Cl
15,959-98-8,Endosulfan (alpha),CAT2,CAT2,"InChI=1S/C9H6Cl6O3S/c10-5-6(11)8(13)4-2-18-19(16)17-1-3(4)7(5,12)9(8,14)15/h3-4H,1-2H2/t3-,4+,7-,8?,19?/m1/s1",ClC1=C(Cl)C2(Cl)[C@H]3CO[S](=O)OC[C@H]3[C@]1(Cl)C2(Cl)Cl
16,33213-65-9,Endosulfan (beta),CAT2,CAT2,"InChI=1S/C9H6Cl6O3S/c10-5-6(11)8(13)4-2-18-19(16)17-1-3(4)7(5,12)9(8,14)15/h3-4H,1-2H2/t3-,4+,7-,8?,19?/m0/s1",ClC1=C(Cl)C2(Cl)[C@@H]3CO[S](=O)OC[C@@H]3[C@@]1(Cl)C2(Cl)Cl
17,5103-73-1,Cis-Nonachlor,CAT2,CAT1,"InChI=1S/C10H5Cl9/c11-3-1-2(4(12)5(3)13)9(17)7(15)6(14)8(1,16)10(9,18)19/h1-5H",ClC1C(Cl)C2C(C1Cl)C3(Cl)C(=C(Cl)C2(Cl)C3(Cl)Cl)Cl
18,39765-80-5,Trans-Nonachlor,CAT2,CAT1,"InChI=1S/C10H5Cl9/c11-3-1-2(4(12)5(3)13)9(17)7(15)6(14)8(1,16)10(9,18)19/h1-5H",ClC1C(Cl)C2C(C1Cl)C3(Cl)C(=C(Cl)C2(Cl)C3(Cl)Cl)Cl
19,8001-35-2,Toxaphene = Camphechlor,CAT1,CAT2,"InChI=1S/C10H8Cl8/c1-4-7(2-11,3-12)9(16)6(14)5(13)8(4,15)10(9,17)18/h5-6H,1-3H2",ClCC1(CCl)C(=C)C2(Cl)C(Cl)C(Cl)C1(Cl)C2(Cl)Cl
20,2385-85-5,Mirex,CAT1,CAT2,"InChI=1S/C10Cl12/c11-1-2(12)7(17)4(14)3(13,5(1,15)9(7,19)20)6(1,16)10(21,22)8(2,4)18",ClC1(Cl)C2(Cl)C3(Cl)C4(Cl)C(Cl)(Cl)C5(Cl)C3(Cl)C1(Cl)C5(Cl)C24Cl
21,93-76-5,"2,4,5-T = 2,4,5-Trichlorophenoxyaceticacid",CAT2,CAT3b,"InChI=1S/C8H5Cl3O3/c9-4-1-6(11)7(2-5(4)10)14-3-8(12)13/h1-2H,3H2,(H,12,13)",OC(=O)COc1cc(Cl)c(Cl)cc1Cl
22,94-75-7,"2,4-Dichlorophenoxy acetic acid (2,4-D)",CAT2,CAT2,"InChI=1S/C8H6Cl2O3/c9-5-1-2-7(6(10)3-5)13-4-8(11)12/h1-3H,4H2,(H,11,12)",OC(=O)COc1ccc(Cl)cc1Cl
23,67747-09-5,Prochloraz,CAT2,CAT3,"InChI=1S/C15H16Cl3N3O2/c1-2-4-20(15(22)21-5-3-19-10-21)6-7-23-14-12(17)8-11(16)9-13(14)18/h3,5,8-10H,2,4,6-7H2,1H3",CCCN(CCOc1c(Cl)cc(Cl)cc1Cl)C(=O)n2ccnc2
24,50-29-3,DDT (technical) = clofenotane,CAT1,CAT1,"InChI=1S/C14H9Cl5/c15-11-5-1-9(2-6-11)13(14(17,18)19)10-3-7-12(16)8-4-10/h1-8,13H",Clc1ccc(cc1)C(c2ccc(Cl)cc2)C(Cl)(Cl)Cl
25,789-02-6,"o,p'-DDT",CAT1,CAT1,"InChI=1S/C14H9Cl5/c15-10-7-5-9(6-8-10)13(14(17,18)19)11-3-1-2-4-12(11)16/h1-8,13H",Clc1ccc(cc1)C(c2ccccc2Cl)C(Cl)(Cl)Cl
26,43216-70-2,"3-OH-o,p'-DDT",CAT1,CAT3b,,
27,65148-72-3,"4-MeO-o,p'-DDT",CAT1,CAT3b,,
28,65148-73-4,"5-OH-o,p'-DDT",CAT1,CAT3b,,
29,65148-74-5,"5-MeO-o,p'-DDT",CAT1,CAT3b,,
30,50-29-3,"p,p'-DDT = clofenotane",CAT1,CAT1,"InChI=1S/C14H9Cl5/c15-11-5-1-9(2-6-11)13(14(17,18)19)10-3-7-12(16)8-4-10/h1-8,13H",Clc1ccc(cc1)C(c2ccc(Cl)cc2)C(Cl)(Cl)Cl
31,53-19-0,"o,p'-DDD",CAT1,CAT2,"InChI=1S/C14H10Cl4/c15-10-7-5-9(6-8-10)13(14(17)18)11-3-1-2-4-12(11)16/h1-8,13-14H",ClC(Cl)C(c1ccc(Cl)cc1)c2ccccc2Cl
32,65148-75-6,"5-MeO-o,p'-DDD",CAT1,CAT3b,,
33,72-54-8,"p,p'-DDD",CAT1,CAT3b,"InChI=1S/C14H10Cl4/c15-11-5-1-9(2-6-11)13(14(17)18)10-3-7-12(16)8-4-10/h1-8,13-14H",ClC(Cl)C(c1ccc(Cl)cc1)c2ccc(Cl)cc2
34,4329-12-8,"m,p'-DDD",CAT1,CAT3b,"InChI=1S/C14H10Cl4/c15-11-6-4-9(5-7-11)13(14(17)18)10-2-1-3-12(16)8-10/h1-8,13-14H",ClC(Cl)C(c1ccc(Cl)cc1)c2cccc(Cl)c2
35,3424-82-6,"o,p'-DDE",CAT1,CAT2,InChI=1S/C14H8Cl4/c15-10-7-5-9(6-8-10)13(14(17)18)11-3-1-2-4-12(11)16/h1-8H,Clc1ccc(cc1)C(=C(Cl)Cl)c2ccccc2Cl
36,65148-80-3,"3-MeO-o,p'-DDE",CAT1,CAT3b,,
37,65148-81-4,"4-MeO-o,p'-DDE",CAT1,CAT3b,,
38,65148-82-5,"5-MeO-o,p'-DDE",CAT1,CAT3b,,
39,72-55-9,"p,p'-DDE",CAT1,CAT1,InChI=1S/C14H8Cl4/c15-11-5-1-9(2-6-11)13(14(17)18)10-3-7-12(16)8-4-10/h1-8H,Clc1ccc(cc1)C(=C(Cl)Cl)c2ccc(Cl)cc2
40,65148-83-6,"o,p'-DDA-glycinat = N-[(2-chlorophenyl)(4-chlorophenyl)acettyl]glycin",CAT1,CAT3b,,
41,14835-94-0,"o,p'-DDMU",CAT1,CAT3b,InChI=1S/C14H9Cl3/c15-9-13(10-5-7-11(16)8-6-10)12-3-1-2-4-14(12)17/h1-9H/b13-9+,Cl\C=C(/c1ccc(Cl)cc1)c2ccccc2Cl
42,3563-45-9,"1,1,1,2-Tetrachloro-2,2-bis(4-chlorophenyl)ethane (tetrachloro DDT)",CAT2,CAT1,"InChI=1S/C14H8Cl6/c15-11-5-1-9(2-6-11)13(17,14(18,19)20)10-3-7-12(16)8-4-10/h1-8H",Clc1ccc(cc1)C(Cl)(c2ccc(Cl)cc2)C(Cl)(Cl)Cl
43,2971-22-4,"1,1,1-Trichloro-2,2-bis(4-chlorophenyl)ethane",CAT1,CAT1,"InChI=1S/C14H11Cl3/c15-14(16,17)13(11-7-3-1-4-8-11)12-9-5-2-6-10-12/h1-10,13H",ClC(Cl)(Cl)C(c1ccccc1)c2ccccc2
44,115-32-2,Dicofol = Kelthane,CAT3,CAT2,"InChI=1S/C14H9Cl5O/c15-11-5-1-9(2-6-11)13(20,14(17,18)19)10-3-7-12(16)8-4-10/h1-8,20H",OC(c1ccc(Cl)cc1)(c2ccc(Cl)cc2)C(Cl)(Cl)Cl
45,36734-19-7,Iprodione,CAT2,CAT3,"InChI=1S/C13H13Cl2N3O3/c1-7(2)16-12(20)17-6-11(19)18(13(17)21)10-4-8(14)3-9(15)5-10/h3-5,7H,6H2,1-2H3,(H,16,20)",CC(C)NC(=O)N1CC(=O)N(C1=O)c2cc(Cl)cc(Cl)c2
46,32809-16-8,Procymidon,CAT1,CAT3b,"InChI=1S/C13H11Cl2NO2/c1-12-6-13(12,2)11(18)16(10(12)17)9-4-7(14)3-8(15)5-9/h3-5H,6H2,1-2H3",CC12CC1(C)C(=O)N(C2=O)c3cc(Cl)cc(Cl)c3
47,95-76-1,"3,4-Dichloroaniline",CAT2,CAT1,"InChI=1S/C6H5Cl2N/c7-5-2-1-4(9)3-6(5)8/h1-3H,9H2",Nc1ccc(Cl)c(Cl)c1
48,40487-42-1,Pendimethalin,CAT3a,CAT3b,"InChI=1S/C13H19N3O4/c1-5-10(6-2)14-12-11(15(17)18)7-8(3)9(4)13(12)16(19)20/h7,10,14H,5-6H2,1-4H3",CCC(CC)Nc1c(cc(C)c(C)c1[N+]([O-])=O)[N+]([O-])=O
49,1582-09-8,Trifluralin,CAT1,CAT2,"InChI=1S/C13H16F3N3O4/c1-3-5-17(6-4-2)12-10(18(20)21)7-9(13(14,15)16)8-11(12)19(22)23/h7-8H,3-6H2,1-2H3",CCCN(CCC)c1c(cc(cc1[N+]([O-])=O)C(F)(F)F)[N+]([O-])=O
50,608-73-1,Hexachlorocyclohexane = HCH mixed,CAT3b,CAT3b,InChI=1S/C6H6Cl6/c7-1-2(8)4(10)6(12)5(11)3(1)9/h1-6H,ClC1C(Cl)C(Cl)C(Cl)C(Cl)C1Cl
51,58-89-9,Gamma-HCH (Lindane),CAT1,CAT2,InChI=1S/C6H6Cl6/c7-1-2(8)4(10)6(12)5(11)3(1)9/h1-6H,ClC1C(Cl)C(Cl)C(Cl)C(Cl)C1Cl
52,319-85-7,Beta-HCH,CAT2,CAT1,InChI=1S/C6H6Cl6/c7-1-2(8)4(10)6(12)5(11)3(1)9/h1-6H,ClC1C(Cl)C(Cl)C(Cl)C(Cl)C1Cl
53,35367-38-5,Diflubenzuron,CAT3a,CAT3b,"InChI=1S/C14H9ClF2N2O2/c15-8-4-6-9(7-5-8)18-14(21)19-13(20)12-10(16)2-1-3-11(12)17/h1-7H,(H2,18,19,20,21)",Fc1cccc(F)c1C(=O)NC(=O)Nc2ccc(Cl)cc2
54,330-54-1,Diuron,CAT2,CAT3,"InChI=1S/C9H10Cl2N2O/c1-13(2)9(14)12-6-3-4-7(10)8(11)5-6/h3-5H,1-2H3,(H,12,14)",CN(C)C(=O)Nc1ccc(Cl)c(Cl)c1
55,96-45-7,Ethylene Thiourea (ETU),CAT1,CAT1,"InChI=1S/C3H6N2S/c6-3-4-1-2-5-3/h1-2H2,(H2,4,5,6)",S=C1NCCN1
56,330-55-2,Linuron (Lorox),CAT1,CAT3,"InChI=1S/C9H10Cl2N2O2/c1-13(15-2)9(14)12-6-3-4-7(10)8(11)5-6/h3-5H,1-2H3,(H,12,14)",CON(C)C(=O)Nc1ccc(Cl)c(Cl)c1
57,72-43-5,Methoxychlor,CAT1,CAT1,"InChI=1S/C16H15Cl3O2/c1-20-13-7-3-11(4-8-13)15(16(17,18)19)12-5-9-14(21-2)10-6-12/h3-10,15H,1-2H3",COc1ccc(cc1)C(c2ccc(OC)cc2)C(Cl)(Cl)Cl
58,72-43-5,"p,p'-Methoxychlor",CAT1,CAT1,"InChI=1S/C16H15Cl3O2/c1-20-13-7-3-11(4-8-13)15(16(17,18)19)12-5-9-14(21-2)10-6-12/h3-10,15H,1-2H3",COc1ccc(cc1)C(c2ccc(OC)cc2)C(Cl)(Cl)Cl
59,2971-36-0,"Bis-OH-Methoxychlor = 1,1,1-trichloro-2,2-bis(4-hydroxyphenyl)ethane (HTPE)",CAT1,CAT1,"InChI=1S/C14H11Cl3O2/c15-14(16,17)13(9-1-5-11(18)6-2-9)10-3-7-12(19)8-4-10/h1-8,13,18-19H",Oc1ccc(cc1)C(c2ccc(O)cc2)C(Cl)(Cl)Cl
60,14868-03-2,Bis-OH-MDDE,CAT3b,,"InChI=1S/C14H10Cl2O2/c15-14(16)13(9-1-5-11(17)6-2-9)10-3-7-12(18)8-4-10/h1-8,17-18H",Oc1ccc(cc1)C(=C(Cl)Cl)c2ccc(O)cc2
61,30668-06-5,"1,3-Dichloro-2,2-bis(4-methoxy-3-methylphenyl)propane",CAT1,CAT1,"InChI=1S/C19H22Cl2O2/c1-13-9-15(5-7-17(13)22-3)19(11-20,12-21)16-6-8-18(23-4)14(2)10-16/h5-10H,11-12H2,1-4H3",COc1ccc(cc1C)C(CCl)(CCl)c2ccc(OC)c(C)c2
62,470-90-6,Chlorfenvinphos,CAT3a,CAT2,"InChI=1S/C12H14Cl3O4P/c1-3-17-20(16,18-4-2)19-12(8-13)10-6-5-9(14)7-11(10)15/h5-8H,3-4H2,1-2H3/b12-8-",CCO[P](=O)(OCC)OC(=C\Cl)/c1ccc(Cl)cc1Cl
63,919-86-8,Demeton-s-methyl,CAT3a,CAT3b,"InChI=1S/C6H15O3PS2/c1-4-11-5-6-12-10(7,8-2)9-3/h4-6H2,1-3H3",CCSCCS[P](=O)(OC)OC
64,333-41-5,Diazinon,CAT3,CAT2,"InChI=1S/C12H21N2O3PS/c1-6-15-18(19,16-7-2)17-11-8-10(5)13-12(14-11)9(3)4/h8-9H,6-7H2,1-5H3",CCO[P](=S)(OCC)Oc1cc(C)nc(n1)C(C)C
65,62-73-7,Dichlorvos,CAT3a,CAT3b,"InChI=1S/C4H7Cl2O4P/c1-8-11(7,9-2)10-3-4(5)6/h3H,1-2H3",CO[P](=O)(OC)OC=C(Cl)Cl
66,60-51-5,Dimethoate,CAT2,CAT3,"InChI=1S/C5H12NO3PS2/c1-6-5(7)4-12-10(11,8-2)9-3/h4H2,1-3H3,(H,6,7)",CNC(=O)CS[P](=S)(OC)OC
67,121-75-5,Malathion,CAT2,CAT2,"InChI=1S/C10H19O6PS2/c1-5-15-9(11)7-8(10(12)16-6-2)19-17(18,13-3)14-4/h8H,5-7H2,1-4H3",CCOC(=O)CC(S[P](=S)(OC)OC)C(=O)OCC
68,56-38-2,Parathion = Parathion(-ethyl),CAT2,CAT3,"InChI=1S/C10H14NO5PS/c1-3-14-17(18,15-4-2)16-10-7-5-9(6-8-10)11(12)13/h5-8H,3-4H2,1-2H3",CCO[P](=S)(OCC)Oc1ccc(cc1)[N+]([O-])=O
69,13593-03-8,Quinalphos = Chinalphos,CAT1,CAT1,"InChI=1S/C12H15N2O3PS/c1-3-15-18(19,16-4-2)17-12-9-13-10-7-5-6-8-11(10)14-12/h5-9H,3-4H2,1-2H3",CCO[P](=S)(OCC)Oc1cnc2ccccc2n1
70,121-29-9,Pyrethrin,CAT2,CAT3b,"InChI=1S/C22H28O5/c1-7-8-9-10-15-14(3)18(12-17(15)23)27-21(25)19-16(22(19,4)5)11-13(2)20(24)26-6/h7-9,11,16,18-19H,1,10,12H2,2-6H3/b9-8-,13-11+/t16-,18+,19+/m1/s1",COC(=O)C(/C)=C/[C@@H]1[C@@H](C(=O)O[C@H]2CC(=O)C(=C2C)C\C=C/C=C)C1(C)C
71,584-79-2,Bioallethrin = d- trans allethrin,CAT2,CAT3b,"InChI=1S/C19H26O3/c1-7-8-13-12(4)16(10-15(13)20)22-18(21)17-14(9-11(2)3)19(17,5)6/h7,9,14,16-17H,1,8,10H2,2-6H3",CC(C)=CC1C(C(=O)OC2CC(=O)C(=C2C)CC=C)C1(C)C
72,52315-07-8,Cypermethrin,CAT3a,CAT2,"InChI=1S/C22H19Cl2NO3/c1-22(2)17(12-19(23)24)20(22)21(26)28-18(13-25)14-7-6-10-16(11-14)27-15-8-4-3-5-9-15/h3-12,17-18,20H,1-2H3",CC1(C)C(C=C(Cl)Cl)C1C(=O)OC(C#N)c2cccc(Oc3ccccc3)c2
73,52918-63-5,Deltamethrin,CAT1,CAT2,"InChI=1S/C22H19Br2NO3/c1-22(2)17(12-19(23)24)20(22)21(26)28-18(13-25)14-7-6-10-16(11-14)27-15-8-4-3-5-9-15/h3-12,17-18,20H,1-2H3/t17-,18+,20-/m0/s1",CC1(C)[C@@H](C=C(Br)Br)[C@H]1C(=O)O[C@H](C#N)c2cccc(Oc3ccccc3)c2
74,66230-04-4,Esfenvalerate,CAT3b,CAT3b,"InChI=1S/C25H22ClNO3/c1-17(2)24(18-11-13-20(26)14-12-18)25(28)30-23(16-27)19-7-6-10-22(15-19)29-21-8-4-3-5-9-21/h3-15,17,23-24H,1-2H3/t23-,24+/m0/s1",CC(C)[C@@H](C(=O)O[C@@H](C#N)c1cccc(Oc2ccccc2)c1)c3ccc(Cl)cc3
75,26002-80-2,Fenothrin = sumithrin,CAT2,CAT3b,"InChI=1S/C23H26O3/c1-16(2)13-20-21(23(20,3)4)22(24)25-15-17-9-8-12-19(14-17)26-18-10-6-5-7-11-18/h5-14,20-21H,15H2,1-4H3",CC(C)=CC1C(C(=O)OCc2cccc(Oc3ccccc3)c2)C1(C)C
76,51630-58-1,Fenvalerate,CAT2,CAT2,"InChI=1S/C25H22ClNO3/c1-17(2)24(18-11-13-20(26)14-12-18)25(28)30-23(16-27)19-7-6-10-22(15-19)29-21-8-4-3-5-9-21/h3-15,17,23-24H,1-2H3",CC(C)C(C(=O)OC(C#N)c1cccc(Oc2ccccc2)c1)c3ccc(Cl)cc3
77,69409-94-5,Fluvalinate,CAT2,CAT3b,"InChI=1S/C26H22ClF3N2O3/c1-16(2)24(32-22-12-11-18(14-21(22)27)26(28,29)30)25(33)35-23(15-31)17-7-6-10-20(13-17)34-19-8-4-3-5-9-19/h3-14,16,23-24,32H,1-2H3",CC(C)C(Nc1ccc(cc1Cl)C(F)(F)F)C(=O)OC(C#N)c2cccc(Oc3ccccc3)c2
78,52645-53-1,Permethrin,CAT2,CAT3b,"InChI=1S/C21H20Cl2O3/c1-21(2)17(12-18(22)23)19(21)20(24)25-13-14-7-6-10-16(11-14)26-15-8-4-3-5-9-15/h3-12,17,19H,13H2,1-2H3/t17-,19-/m0/s1",CC1(C)[C@@H](C=C(Cl)Cl)[C@H]1C(=O)OCc2cccc(Oc3ccccc3)c2
79,10453-86-8,Resmethrin,CAT1,CAT3b,"InChI=1S/C22H26O3/c1-15(2)10-19-20(22(19,3)4)21(23)25-14-17-12-18(24-13-17)11-16-8-6-5-7-9-16/h5-10,12-13,19-20H,11,14H2,1-4H3",CC(C)=CC1C(C(=O)OCc2coc(Cc3ccccc3)c2)C1(C)C
80,60168-88-9,Fenarimol,CAT1,CAT2,"InChI=1S/C17H12Cl2N2O/c18-14-7-5-12(6-8-14)17(22,13-9-20-11-21-10-13)15-3-1-2-4-16(15)19/h1-11,22H",OC(c1ccc(Cl)cc1)(c2cncnc2)c3ccccc3Cl
81,8018-01-7,Mancozeb,CAT1,CAT3b,"InChI=1S/2C4H8N2S4.Mn.Zn/c2*7-3(8)5-1-2-6-4(9)10;;/h2*1-2H2,(H2,5,7,8)(H2,6,9,10);;/q;;2*+2/p-4",[Mn++].[Zn++].[S-]C(=S)NCCNC([S-])=S.[S-]C(=S)NCCNC([S-])=S
82,12427-38-2,Maneb,CAT1,CAT3,"InChI=1S/C4H8N2S4.Mn/c7-3(8)5-1-2-6-4(9)10;/h1-2H2,(H2,5,7,8)(H2,6,9,10);/q;+2/p-2",[Mn++].[S-]C(=S)NCCNC([S-])=S
83,9006-42-2,Metiram (Metiram-complex),CAT1,CAT3b,"InChI=1S/C4H8N2S4.Zn/c7-3(8)5-1-2-6-4(9)10;/h1-2H2,(H2,5,7,8)(H2,6,9,10);/q;+2/p-2",[Zn++].[S-]C(=S)NCCNC([S-])=S
84,137-26-8,Thiram,CAT1,CAT3,InChI=1S/C6H12N2S4/c1-7(2)5(9)11-12-6(10)8(3)4/h1-4H3,CN(C)C(=S)SSC(=S)N(C)C
85,12122-67-7,Zineb,CAT1,CAT3,"InChI=1S/C4H8N2S4.Zn/c7-3(8)5-1-2-6-4(9)10;/h1-2H2,(H2,5,7,8)(H2,6,9,10);/q;+2/p-2",[Zn++].[S-]C(=S)NCCNC([S-])=S
86,137-30-4,Ziram,CAT2,CAT2,"InChI=1S/2C3H7NS2.Zn/c2*1-4(2)3(5)6;/h2*1-2H3,(H,5,6);/q;;+2/p-2",[Zn++].CN(C)C([S-])=S.CN(C)C([S-])=S
87,1912-24-9,Atrazine,CAT1,CAT2,"InChI=1S/C8H14ClN5/c1-4-10-7-12-6(9)13-8(14-7)11-5(2)3/h5H,4H2,1-3H3,(H2,10,11,12,13,14)",CCNc1nc(Cl)nc(NC(C)C)n1
88,21087-64-9,Metribuzin,CAT1,CAT3b,"InChI=1S/C8H14N4OS/c1-8(2,3)5-6(13)12(9)7(14-4)11-10-5/h9H2,1-4H3",CSC1=NN=C(C(=O)N1N)C(C)(C)C
89,122-34-9,Simazine,CAT2,CAT3,"InChI=1S/C7H12ClN5/c1-3-9-6-11-5(8)12-7(13-6)10-4-2/h3-4H2,1-2H3,(H2,9,10,11,12,13)",CCNc1nc(Cl)nc(NCC)n1
90,61-82-5,Amitrol = Aminotriazol,CAT1,CAT3,"InChI=1S/C2H4N4/c3-2-4-1-5-6-2/h1H,(H3,3,4,5,6)",Nc1[nH]ncn1
91,94361-07-6,Cyproconazole,CAT3b,CAT3b,,
92,119446-68-3,Difenoconazole,CAT3b,CAT3b,"InChI=1S/C19H17Cl2N3O3/c1-13-9-25-19(27-13,10-24-12-22-11-23-24)17-7-6-16(8-18(17)21)26-15-4-2-14(20)3-5-15/h2-8,11-13H,9-10H2,1H3",CC1COC(Cn2cncn2)(O1)c3ccc(Oc4ccc(Cl)cc4)cc3Cl
93,NoCAS 008,Epoxiconazole,CAT3b,CAT3b,,
94,66246-88-6,Penconazole,CAT3b,CAT3b,"InChI=1S/C13H15Cl2N3/c1-2-3-10(7-18-9-16-8-17-18)12-5-4-11(14)6-13(12)15/h4-6,8-10H,2-3,7H2,1H3",CCCC(Cn1cncn1)c2ccc(Cl)cc2Cl
95,60207-90-1,Propiconazole,CAT3b,CAT3b,"InChI=1S/C15H17Cl2N3O2/c1-2-3-12-7-21-15(22-12,8-20-10-18-9-19-20)13-5-4-11(16)6-14(13)17/h4-6,9-10,12H,2-3,7-8H2,1H3",CCCC1COC(Cn2cncn2)(O1)c3ccc(Cl)cc3Cl
96,107534-96-3,Tebuconazole,CAT3b,CAT3b,"InChI=1S/C16H22ClN3O/c1-15(2,3)16(21,10-20-12-18-11-19-20)9-8-13-4-6-14(17)7-5-13/h4-7,11-12,21H,8-10H2,1-3H3",CC(C)(C)C(O)(CCc1ccc(Cl)cc1)Cn2cncn2
97,50471-44-8,Vinclozolin,CAT1,CAT3,"InChI=1S/C12H9Cl2NO3/c1-3-12(2)10(16)15(11(17)18-12)9-5-7(13)4-8(14)6-9/h3-6H,1H2,2H3",CC1(OC(=O)N(C1=O)c2cc(Cl)cc(Cl)c2)C=C
98,88378-55-6,"3,5-Dichlorophenylcarbaminacid-(1-carboxy-1-methyl)-allyl",CAT2,CAT3b,,
99,83792-61-4,"N-(3,5-Dichlorophenyl)-2-hydroxy-2-methyl-3-butenacidamid",CAT2,CAT3b,"InChI=1S/C11H11Cl2NO2/c1-3-11(2,16)10(15)14-9-5-7(12)4-8(13)6-9/h3-6,16H,1H2,2H3,(H,14,15)",CC(O)(C=C)C(=O)Nc1cc(Cl)cc(Cl)c1
100,15972-60-8,Alachlor,CAT1,CAT2,"InChI=1S/C14H20ClNO2/c1-4-11-7-6-8-12(5-2)14(11)16(10-18-3)13(17)9-15/h6-8H,4-5,9-10H2,1-3H3",CCc1cccc(CC)c1N(COC)C(=O)CCl
101,74115-24-5,Clofentezine = chlorfentezine,CAT3b,CAT3b,InChI=1S/C14H8Cl2N4/c15-11-7-3-1-5-9(11)13-17-19-14(20-18-13)10-6-2-4-8-12(10)16/h1-8H,Clc1ccccc1c2nnc(nn2)c3ccccc3Cl
102,96-12-8,Dibromochloropropane (DBCP),CAT1,CAT3b,"InChI=1S/C3H5Br2Cl/c4-1-3(5)2-6/h3H,1-2H2",ClCC(Br)CBr
103,72490-01-8,Fenoxycarb,CAT3b,CAT2,"InChI=1S/C17H19NO4/c1-2-20-17(19)18-12-13-21-14-8-10-16(11-9-14)22-15-6-4-3-5-7-15/h3-11H,2,12-13H2,1H3,(H,18,19)",CCOC(=O)NCCOc1ccc(Oc2ccccc2)cc1
104,76-44-8,Heptachlor,CAT2,CAT3,"InChI=1S/C10H5Cl7/c11-4-2-1-3-5(4)9(15)7(13)6(12)8(3,14)10(9,16)17/h1-5H",ClC1C=CC2C1C3(Cl)C(=C(Cl)C2(Cl)C3(Cl)Cl)Cl
105,1024-57-3,Heptachlor-epoxide,CAT3a,CAT3b,"InChI=1S/C10H5Cl7O/c11-3-1-2(4-5(3)18-4)9(15)7(13)6(12)8(1,14)10(9,16)17/h1-5H",ClC1C2OC2C3C1C4(Cl)C(=C(Cl)C3(Cl)C4(Cl)Cl)Cl
106,1836-75-5,Nitrofen,CAT1,CAT3,InChI=1S/C12H7Cl2NO3/c13-8-1-6-12(11(14)7-8)18-10-4-2-9(3-5-10)15(16)17/h1-7H,[O-][N+](=O)c1ccc(Oc2ccc(Cl)cc2Cl)cc1
107,82-68-8,Pentachloronitrobenzene (PCNB),CAT3b,CAT3b,InChI=1S/C6Cl5NO2/c7-1-2(8)4(10)6(12(13)14)5(11)3(1)9,[O-][N+](=O)c1c(Cl)c(Cl)c(Cl)c(Cl)c1Cl
108,100-42-5,Styrene,CAT1,CAT3,"InChI=1S/C8H8/c1-2-8-6-4-3-5-7-8/h2-7H,1H2",C=Cc1ccccc1
109,29082-74-4,Octachlorostyrene,CAT3b,CAT3b,InChI=1S/C8Cl8/c9-2-1(4(11)8(15)16)3(10)6(13)7(14)5(2)12,ClC(Cl)=C(Cl)c1c(Cl)c(Cl)c(Cl)c(Cl)c1Cl
110,104-51-8,n-Butylbenzene,CAT3a,CAT3b,"InChI=1S/C10H14/c1-2-3-7-10-8-5-4-6-9-10/h4-6,8-9H,2-3,7H2,1H3",CCCCc1ccccc1
111,25167-81-1,Dichlorophenol,CAT3b,CAT3b,"InChI=1S/C6H4Cl2O/c7-4-2-1-3-5(9)6(4)8/h1-3,9H",Oc1cccc(Cl)c1Cl
112,120-83-2,"2,4 Dichlorophenol",CAT2,CAT3,"InChI=1S/C6H4Cl2O/c7-4-1-2-6(9)5(8)3-4/h1-3,9H",Oc1ccc(Cl)cc1Cl
113,87-86-5,Pentachlorophenol (PCP),CAT1,CAT3b,InChI=1S/C6HCl5O/c7-1-2(8)4(10)6(12)5(11)3(1)9/h12H,Oc1c(Cl)c(Cl)c(Cl)c(Cl)c1Cl
114,118-74-1,Hexachlorobenzene (HCB),CAT1,CAT3,InChI=1S/C6Cl6/c7-1-2(8)4(10)6(12)5(11)3(1)9,Clc1c(Cl)c(Cl)c(Cl)c(Cl)c1Cl
115,2628-17-3,4-vinylphenol (4-VP),CAT3b,CAT3b,"InChI=1S/C8H8O/c1-2-7-3-5-8(9)6-4-7/h2-6,9H,1H2",Oc1ccc(C=C)cc1
116,140-66-9,"4-tert-Octylphenol=1,1,3,3-Tetramethyl-4-butylphenol",CAT1,CAT1,"InChI=1S/C14H22O/c1-13(2,3)10-14(4,5)11-6-8-12(15)9-7-11/h6-9,15H,10H2,1-5H3",CC(C)(C)CC(C)(C)c1ccc(O)cc1
117,104-40-5,4-Nonylphenol (4-NP),CAT1,CAT1,"InChI=1S/C15H24O/c1-2-3-4-5-6-7-8-9-14-10-12-15(16)13-11-14/h10-13,16H,2-9H2,1H3",CCCCCCCCCc1ccc(O)cc1
118,3115-49-9,4-nonylphenoxy acetic acid,CAT2,CAT2,"InChI=1S/C17H26O3/c1-2-3-4-5-6-7-8-9-15-10-12-16(13-11-15)20-14-17(18)19/h10-13H,2-9,14H2,1H3,(H,18,19)",CCCCCCCCCc1ccc(OCC(O)=O)cc1
119,20427-84-3,4-Nonylphenoldiethoxylate (NP2EO),CAT2,CAT2,"InChI=1S/C19H32O3/c1-2-3-4-5-6-7-8-9-18-10-12-19(13-11-18)22-17-16-21-15-14-20/h10-13,20H,2-9,14-17H2,1H3",CCCCCCCCCc1ccc(OCCOCCO)cc1
120,53792-11-3,"4-(4-Hydroxyphenyl)-2,2,6,6-tetramethylcyclohexanecarbonacid",CAT3b,CAT3b,,
121,98-54-4,4-tert-Butylphenol,CAT2,CAT2,"InChI=1S/C10H14O/c1-10(2,3)8-4-6-9(11)7-5-8/h4-7,11H,1-3H3",CC(C)(C)c1ccc(O)cc1
122,1131-60-8,4-Cyclohexylphenol,CAT1,CAT3b,"InChI=1S/C12H16O/c13-12-8-6-11(7-9-12)10-4-2-1-3-5-10/h6-10,13H,1-5H2",Oc1ccc(cc1)C2CCCCC2
123,7786-61-0,4-vinylguaiacol (4-VG),CAT3b,CAT3b,"InChI=1S/C9H10O2/c1-3-7-4-5-8(10)9(6-7)11-2/h3-6,10H,1H2,2H3",COc1cc(C=C)ccc1O
124,70-70-2,4-Hydroxypropiophenone,CAT3b,,"InChI=1S/C9H10O2/c1-2-9(11)7-3-5-8(10)6-4-7/h3-6,10H,2H2,1H3",CCC(=O)c1ccc(O)cc1
125,87-26-3,2-sec-Pentylphenol = 2-(1-Methylbutyl)phenol,CAT3b,,"InChI=1S/C11H16O/c1-3-6-9(2)10-7-4-5-8-11(10)12/h4-5,7-9,12H,3,6H2,1-2H3",CCCC(C)c1ccccc1O
126,14409-72-4,4-Nonylphenolnonaethoxylat (Tergitol NP 9),CAT3b,CAT2,,
127,9016-45-9,Nonylphenolethoxylate,CAT2,CAT1,"InChI=1S/C19H32O3/c1-2-3-4-5-6-7-8-9-18-10-12-19(13-11-18)22-17-16-21-15-14-20/h10-13,20H,2-9,14-17H2,1H3",CCCCCCCCCc1ccc(OCCOCCO)cc1
128,1009-11-6,4-Hydroxy-n-butyrophenone,CAT3b,,"InChI=1S/C10H12O2/c1-2-3-10(12)8-4-6-9(11)7-5-8/h4-7,11H,2-3H2,1H3",CCCC(=O)c1ccc(O)cc1
129,25013-16-5,tert.-Butylhydroxyanisole (BHA),CAT1,CAT1,"InChI=1S/C11H16O2/c1-11(2,3)9-7-8(13-4)5-6-10(9)12/h5-7,12H,1-4H3",COc1ccc(O)c(c1)C(C)(C)C
130,99-71-8,4-sec-Butylphenol = 4-(1-Methylpropyl)phenol,CAT2,CAT2,"InChI=1S/C10H14O/c1-3-8(2)9-4-6-10(11)7-5-9/h4-8,11H,3H2,1-2H3",CCC(C)c1ccc(O)cc1
131,67733-57-7,"2,3,7,8-Tetrabromodibenzofuran",CAT2,,InChI=1S/C12H4Br4O/c13-7-1-5-6-2-8(14)10(16)4-12(6)17-11(5)3-9(7)15/h1-4H,Brc1cc2oc3cc(Br)c(Br)cc3c2cc1Br
132,85535-84-8,Short chain chlorinated paraffins,CAT1,CAT3b,,
133,85535-85-9,Intermediate chain chlorinated paraffins,CAT1,CAT3b,,
134,85535-86-0,Long chain chlorinated paraffins,CAT3b,CAT3b,,
135,85-68-7,Butylbenzylphthalate (BBP),CAT1,CAT3,"InChI=1S/C19H20O4/c1-2-3-13-22-18(20)16-11-7-8-12-17(16)19(21)23-14-15-9-5-4-6-10-15/h4-12H,2-3,13-14H2,1H3",CCCCOC(=O)c1ccccc1C(=O)OCc2ccccc2
136,84-74-2,Di-n-butylphthalate (DBP),CAT1,CAT3,"InChI=1S/C16H22O4/c1-3-5-11-19-15(17)13-9-7-8-10-14(13)16(18)20-12-6-4-2/h7-10H,3-6,11-12H2,1-2H3",CCCCOC(=O)c1ccccc1C(=O)OCCCC
137,117-81-7,Di-(2-ethylhexyl)phthalate (DEHP),CAT1,CAT3,"InChI=1S/C24H38O4/c1-5-9-13-19(7-3)17-27-23(25)21-15-11-12-16-22(21)24(26)28-18-20(8-4)14-10-6-2/h11-12,15-16,19-20H,5-10,13-14,17-18H2,1-4H3",CCCCC(CC)COC(=O)c1ccccc1C(=O)OCC(CC)CCCC
138,117-84-0,Di-n-octylphthalate (DnOP),CAT3b,CAT3b,"InChI=1S/C24H38O4/c1-3-5-7-9-11-15-19-27-23(25)21-17-13-14-18-22(21)24(26)28-20-16-12-10-8-6-4-2/h13-14,17-18H,3-12,15-16,19-20H2,1-2H3",CCCCCCCCOC(=O)c1ccccc1C(=O)OCCCCCCCC
139,131-16-8,Di-n-propylphthalate (DprP) = Dipropylphthalate,CAT2,CAT3b,"InChI=1S/C14H18O4/c1-3-9-17-13(15)11-7-5-6-8-12(11)14(16)18-10-4-2/h5-8H,3-4,9-10H2,1-2H3",CCCOC(=O)c1ccccc1C(=O)OCCC
140,103-23-1,Bis(2-ethylhexyl)adipate,CAT3b,CAT3b,"InChI=1S/C22H42O4/c1-5-9-13-19(7-3)17-25-21(23)15-11-12-16-22(24)26-18-20(8-4)14-10-6-2/h19-20H,5-18H2,1-4H3",CCCCC(CC)COC(=O)CCCCC(=O)OCC(CC)CCCC
141,131-18-0,Di-n-pentylphthalate (DPP) = Dipentylphthalate,CAT1,CAT3b,"InChI=1S/C18H26O4/c1-3-5-9-13-21-17(19)15-11-7-8-12-16(15)18(20)22-14-10-6-4-2/h7-8,11-12H,3-6,9-10,13-14H2,1-2H3",CCCCCOC(=O)c1ccccc1C(=O)OCCCCC
142,84-61-7,Dicyclohexyl phthalate (DCHP),CAT1,CAT2,"InChI=1S/C20H26O4/c21-19(23-15-9-3-1-4-10-15)17-13-7-8-14-18(17)20(22)24-16-11-5-2-6-12-16/h7-8,13-16H,1-6,9-12H2",O=C(OC1CCCCC1)c2ccccc2C(=O)OC3CCCCC3
143,84-66-2,Diethyl phthalate (DEP),CAT1,CAT3b,"InChI=1S/C12H14O4/c1-3-15-11(13)9-7-5-6-8-10(9)12(14)16-4-2/h5-8H,3-4H2,1-2H3",CCOC(=O)c1ccccc1C(=O)OCC
144,84-75-3,Di-n-hexyl phthalate (DnHP) = Dihexylphthalate (DHP),CAT2,CAT3b,"InChI=1S/C20H30O4/c1-3-5-7-11-15-23-19(21)17-13-9-10-14-18(17)20(22)24-16-12-8-6-4-2/h9-10,13-14H,3-8,11-12,15-16H2,1-2H3",CCCCCCOC(=O)c1ccccc1C(=O)OCCCCCC
145,56-33-7,Diphenyltetramethyldisiloxane PhMe2-SiOSiMe2Ph,CAT3b,,"InChI=1S/C16H22OSi2/c1-18(2,15-11-7-5-8-12-15)17-19(3,4)16-13-9-6-10-14-16/h5-14H,1-4H3",C[Si](C)(O[Si](C)(C)c1ccccc1)c2ccccc2
146,33204-76-1,"2,6-cis-Diphenylhexamethylcyclotetrasiloxane - 2,6-cis-[(PhMeSiO)2(Me2SiO)2][",CAT1,CAT3b,"InChI=1S/C18H28O4Si4/c1-23(2)19-25(5,17-13-9-7-10-14-17)21-24(3,4)22-26(6,20-23)18-15-11-8-12-16-18/h7-16H,1-6H3",C[Si]1(C)O[Si](C)(O[Si](C)(C)O[Si](C)(O1)c2ccccc2)c3ccccc3
147,10448-09-6,Phenylheptamethylcyclotetrasiloxane [(PhMeSiO)(Me2SiO)3],CAT3b,CAT3b,"InChI=1S/C13H26O4Si4/c1-18(2)14-19(3,4)16-21(7,17-20(5,6)15-18)13-11-9-8-10-12-13/h8-12H,1-7H3",C[Si]1(C)O[Si](C)(C)O[Si](C)(O[Si](C)(C)O1)c2ccccc2
148,101-53-1,Phenyl-4-hydroxyphenylmethane = 4-Benzylphenol = p-Benzylphenol,CAT1,CAT3b,"InChI=1S/C13H12O/c14-13-8-6-12(7-9-13)10-11-4-2-1-3-5-11/h1-9,14H,10H2",Oc1ccc(Cc2ccccc2)cc1
149,28994-41-4,Phenyl-2-hydroxyphenylmethane = 2-Benzylphenol = o-Benzylphenol,CAT3b,,"InChI=1S/C13H12O/c14-13-9-5-4-8-12(13)10-11-6-2-1-3-7-11/h1-9,14H,10H2",Oc1ccccc1Cc2ccccc2
150,620-92-8,Bis(4-hydroxyphenyl)methane,CAT3b,,"InChI=1S/C13H12O2/c14-12-5-1-10(2-6-12)9-11-3-7-13(15)8-4-11/h1-8,14-15H,9H2",Oc1ccc(Cc2ccc(O)cc2)cc1
151,131-56-6,"2,4-Dihydroxybenzophenon = Resbenzophenone",CAT1,CAT1,"InChI=1S/C13H10O3/c14-10-6-7-11(12(15)8-10)13(16)9-4-2-1-3-5-9/h1-8,14-15H",Oc1ccc(c(O)c1)C(=O)c2ccccc2
152,611-99-4,"4,4'-Dihydroxybenzophenon",CAT1,CAT1,"InChI=1S/C13H10O3/c14-11-5-1-9(2-6-11)13(16)10-3-7-12(15)8-4-10/h1-8,14-15H",Oc1ccc(cc1)C(=O)c2ccc(O)cc2
153,131-54-4,"2,2'-Dihydroxy-4,4'-dimethoxybenzophenon",CAT2,CAT3b,"InChI=1S/C15H14O5/c1-19-9-3-5-11(13(16)7-9)15(18)12-6-4-10(20-2)8-14(12)17/h3-8,16-17H,1-2H3",COc1ccc(c(O)c1)C(=O)c2ccc(OC)cc2O
154,52479-85-3,"2,3,4,3',4',5'-Hexahydroxybenzophenon",CAT3b,,"InChI=1S/C13H10O7/c14-7-2-1-6(11(18)13(7)20)10(17)5-3-8(15)12(19)9(16)4-5/h1-4,14-16,18-20H",Oc1ccc(c(O)c1O)C(=O)c2cc(O)c(O)c(O)c2
155,80-05-7,"2,2-Bis(4-hydroxyphenyl)propan = 4,4'-isopropylidenediphenol = Bisphenol A",CAT1,CAT1,"InChI=1S/C15H16O2/c1-15(2,11-3-7-13(16)8-4-11)12-5-9-14(17)10-6-12/h3-10,16-17H,1-2H3",CC(C)(c1ccc(O)cc1)c2ccc(O)cc2
156,77-40-7,"2,2-Bis(4-hydroxyphenyl)-n-butan = Bisphenol B",CAT1,CAT3b,"InChI=1S/C16H18O2/c1-3-16(2,12-4-8-14(17)9-5-12)13-6-10-15(18)11-7-13/h4-11,17-18H,3H2,1-2H3",CCC(C)(c1ccc(O)cc1)c2ccc(O)cc2
157,24362-98-9,"1,1-Bis(4-hydroxyphenyl)-n-hexane",CAT3b,,"InChI=1S/C18H22O2/c19-17-11-7-15(8-12-17)5-3-1-2-4-6-16-9-13-18(20)14-10-16/h7-14,19-20H,1-6H2",Oc1ccc(CCCCCCc2ccc(O)cc2)cc1
158,14007-30-8,"2,2-Bis(4-hydroxyphenyl)-n-hexane",CAT2,CAT3b,"InChI=1S/C18H22O2/c1-14(16-8-12-18(20)13-9-16)4-2-3-5-15-6-10-17(19)11-7-15/h6-14,19-20H,2-5H2,1H3",CC(CCCCc1ccc(O)cc1)c2ccc(O)cc2
159,6807-17-6,"2,2-Bis(4-hydroxyphenyl)-4-methyl-n-pentane",CAT2,CAT3b,"InChI=1S/C18H22O2/c1-13(2)12-18(3,14-4-8-16(19)9-5-14)15-6-10-17(20)11-7-15/h4-11,13,19-20H,12H2,1-3H3",CC(C)CC(C)(c1ccc(O)cc1)c2ccc(O)cc2
160,3373-03-3,"1,1-Bis(4-hydroxyphenyl)-n-heptane",CAT3b,,"InChI=1S/C19H24O2/c20-18-12-8-16(9-13-18)6-4-2-1-3-5-7-17-10-14-19(21)15-11-17/h8-15,20-21H,1-7H2",Oc1ccc(CCCCCCCc2ccc(O)cc2)cc1
161,NoCAS 027,"2,2,6,6-Tetramethyl-4,4-bis(4-hydroxyphenyl)-n-heptan",CAT3b,CAT3b,,
162,81-92-5,2-[Bis(4-hydroxyphenyl)methyl]benzylalkohol = Phenolphthalol,CAT2,CAT3b,"InChI=1S/C20H18O3/c21-13-16-3-1-2-4-19(16)20(14-5-9-17(22)10-6-14)15-7-11-18(23)12-8-15/h1-12,20-23H,13H2",OCc1ccccc1C(c2ccc(O)cc2)c3ccc(O)cc3
163,77-09-8,"3,3'-Bis(4-hydroxyphenyl)phthalid = Phenolphthaleine",CAT1,CAT3b,"InChI=1S/C20H14O4/c21-15-9-5-13(6-10-15)20(14-7-11-16(22)12-8-14)18-4-2-1-3-17(18)19(23)24-20/h1-12,21-22H",Oc1ccc(cc1)C2(OC(=O)c3ccccc23)c4ccc(O)cc4
164,90-15-3,1-Naphthol,CAT3b,,"InChI=1S/C10H8O/c11-10-7-3-5-8-4-1-2-6-9(8)10/h1-7,11H",Oc1cccc2ccccc12
165,135-19-3,2-Naphthol,CAT3b,CAT3b,"InChI=1S/C10H8O/c11-10-6-5-8-3-1-2-4-9(8)7-10/h1-7,11H",Oc1ccc2ccccc2c1
166,1125-78-6,"5,6,7,8-Tetrahydro-2-naphthol = 6-Hydroxytetralin",CAT3b,,"InChI=1S/C10H12O/c11-10-6-5-8-3-1-2-4-9(8)7-10/h5-7,11H,1-4H2",Oc1ccc2CCCCc2c1
167,15231-91-1,6-Bromo-2-naphthol,CAT3b,,"InChI=1S/C10H7BrO/c11-9-3-1-8-6-10(12)4-2-7(8)5-9/h1-6,12H",Oc1ccc2cc(Br)ccc2c1
168,1335-87-1,Halowax 1014,CAT3b,CAT3b,,
169,530-91-6,Tetrahydronaphthol-2,CAT3b,,"InChI=1S/C10H12O/c11-10-6-5-8-3-1-2-4-9(8)7-10/h1-4,10-11H,5-7H2",OC1CCc2ccccc2C1
170,1806-29-7,"2,2'-Dihydroxybiphenyl = 2,2'-Biphenol",CAT2,CAT2,"InChI=1S/C12H10O2/c13-11-7-3-1-5-9(11)10-6-2-4-8-12(10)14/h1-8,13-14H",Oc1ccccc1c2ccccc2O
171,92-88-6,"4,4'-Dihydroxybiphenyl = 4,4'-Biphenol",CAT1,CAT2,"InChI=1S/C12H10O2/c13-11-5-1-9(2-6-11)10-3-7-12(14)8-4-10/h1-8,13-14H",Oc1ccc(cc1)c2ccc(O)cc2
172,92-69-3,4-Hydroxybiphenyl = 4-Phenylphenol,CAT1,CAT3b,"InChI=1S/C12H10O/c13-12-8-6-11(7-9-12)10-4-2-1-3-5-10/h1-9,13H",Oc1ccc(cc1)c2ccccc2
173,92-52-4,Diphenyl,CAT3a,CAT3b,InChI=1S/C12H10/c1-3-7-11(8-4-1)12-9-5-2-6-10-12/h1-10H,c1ccc(cc1)c2ccccc2
174,53469-21-9,PCB Aroclor 1242,CAT1,,InChI=1S/C12H6Cl4/c13-7-1-3-9(11(15)5-7)10-4-2-8(14)6-12(10)16/h1-6H,Clc1ccc(c(Cl)c1)c2ccc(Cl)cc2Cl
175,12672-29-6,PCB Aroclor 1248,CAT1,,InChI=1S/C12H6Cl4/c13-9-1-7(2-10(14)5-9)8-3-11(15)6-12(16)4-8/h1-6H,Clc1cc(Cl)cc(c1)c2cc(Cl)cc(Cl)c2
176,2051-60-7,PCB 1 (2-Chlorobiphenyl),CAT2,CAT3b,InChI=1S/C12H9Cl/c13-12-9-5-4-8-11(12)10-6-2-1-3-7-10/h1-9H,Clc1ccccc1c2ccccc2
177,2051-61-8,PCB 2 (3-Chlorobiphenyl),CAT2,CAT3b,InChI=1S/C12H9Cl/c13-12-8-4-7-11(9-12)10-5-2-1-3-6-10/h1-9H,Clc1cccc(c1)c2ccccc2
178,2051-62-9,PCB 3 (4-Chlorobiphenyl),CAT2,CAT3b,InChI=1S/C12H9Cl/c13-12-8-6-11(7-9-12)10-4-2-1-3-5-10/h1-9H,Clc1ccc(cc1)c2ccccc2
179,2050-68-2,"PCB 15 (4,4'-Dichlorobiphenyl)",CAT3b,,InChI=1S/C12H8Cl2/c13-11-5-1-9(2-6-11)10-3-7-12(14)8-4-10/h1-8H,Clc1ccc(cc1)c2ccc(Cl)cc2
180,37680-65-2,"PCB 18 (2,2',5-Trichlorobiphenyl)",CAT1,CAT1,InChI=1S/C12H7Cl3/c13-8-5-6-12(15)10(7-8)9-3-1-2-4-11(9)14/h1-7H,Clc1ccc(Cl)c(c1)c2ccccc2Cl
181,14962-28-8,"4-Hydroxy-2',4',6'-trichlorobiphenyl",CAT1,CAT2,"InChI=1S/C12H7Cl3O/c13-8-5-10(14)12(11(15)6-8)7-1-3-9(16)4-2-7/h1-6,16H",Oc1ccc(cc1)c2c(Cl)cc(Cl)cc2Cl
182,2437-79-8,"PCB 47 (2,2',4,4'-Tetrachlorobiphenyl)",CAT1,,InChI=1S/C12H6Cl4/c13-7-1-3-9(11(15)5-7)10-4-2-8(14)6-12(10)16/h1-6H,Clc1ccc(c(Cl)c1)c2ccc(Cl)cc2Cl
183,35693-99-3,"PCB 52 (2,2';5,5'-Tetrachlorobiphenyl)",CAT1,CAT1,InChI=1S/C12H6Cl4/c13-7-1-3-11(15)9(5-7)10-6-8(14)2-4-12(10)16/h1-6H,Clc1ccc(Cl)c(c1)c2cc(Cl)ccc2Cl
184,32598-13-3,"PCB 77 (3,3',4,4'-Tetrachlorobiphenyl)",CAT1,,InChI=1S/C12H6Cl4/c13-9-3-1-7(5-11(9)15)8-2-4-10(14)12(16)6-8/h1-6H,Clc1ccc(cc1Cl)c2ccc(Cl)c(Cl)c2
185,67651-34-7,"4-Hydroxy-2',3',4',5'-tetrachlorobiphenyl",CAT1,CAT2,"InChI=1S/C12H6Cl4O/c13-9-5-8(10(14)12(16)11(9)15)6-1-3-7(17)4-2-6/h1-5,17H",Oc1ccc(cc1)c2cc(Cl)c(Cl)c(Cl)c2Cl
186,35065-27-1,"PCB 153 (2,2',4,4',5,5'-Hexachlorobiphenyl)",CAT1,,InChI=1S/C12H4Cl6/c13-7-3-11(17)9(15)1-5(7)6-2-10(16)12(18)4-8(6)14/h1-4H,Clc1cc(Cl)c(cc1Cl)c2cc(Cl)c(Cl)cc2Cl
187,55702-46-0,"PCB 21 (2,3,4-Trichlorobiphenyl)",CAT1,CAT1,InChI=1S/C12H7Cl3/c13-10-7-6-9(11(14)12(10)15)8-4-2-1-3-5-8/h1-7H,Clc1ccc(c2ccccc2)c(Cl)c1Cl
188,53905-33-2,"4-Hydroxy-2,2',5'-trichlorobiphenyl",CAT1,CAT2,"InChI=1S/C12H7Cl3O/c13-7-1-4-11(14)10(5-7)9-3-2-8(16)6-12(9)15/h1-6,16H",Oc1ccc(c(Cl)c1)c2cc(Cl)ccc2Cl
189,4400-06-0,"4-Hydroxy-3,4',5-trichlorobiphenyl",CAT1,CAT2,"InChI=1S/C12H7Cl3O/c13-9-3-1-7(2-4-9)8-5-10(14)12(16)11(15)6-8/h1-6,16H",Oc1c(Cl)cc(cc1Cl)c2ccc(Cl)cc2
190,70362-47-9,"PCB 48 (2,2',4,5-Tetrachlorobiphenyl)",CAT2,,InChI=1S/C12H6Cl4/c13-9-4-2-1-3-7(9)8-5-11(15)12(16)6-10(8)14/h1-6H,Clc1ccccc1c2cc(Cl)c(Cl)cc2Cl
191,33284-53-6,"PCB 61 (2,3,4,5-Tetrachlorobiphenyl)",CAT2,,InChI=1S/C12H6Cl4/c13-9-6-8(7-4-2-1-3-5-7)10(14)12(16)11(9)15/h1-6H,Clc1cc(c2ccccc2)c(Cl)c(Cl)c1Cl
192,32598-12-2,"PCB 75 (2,4,4',6-Tetrachlorobiphenyl)",CAT2,,InChI=1S/C12H6Cl4/c13-8-3-1-7(2-4-8)12-10(15)5-9(14)6-11(12)16/h1-6H,Clc1ccc(cc1)c2c(Cl)cc(Cl)cc2Cl
193,67651-37-0,"3-Hydroxy-2',3',4',5'-tetrachlorobiphenyl",CAT1,CAT2,"InChI=1S/C12H6Cl4O/c13-9-5-8(10(14)12(16)11(9)15)6-2-1-3-7(17)4-6/h1-5,17H",Oc1cccc(c1)c2cc(Cl)c(Cl)c(Cl)c2Cl
194,100702-98-5,"4,4'-Dihydroxy-2,3,5,6-tetrachlorobiphenyl",CAT1,CAT2,"InChI=1S/C12H6Cl4O2/c13-8-7(5-1-3-6(17)4-2-5)9(14)11(16)12(18)10(8)15/h1-4,17-18H",Oc1ccc(cc1)c2c(Cl)c(Cl)c(O)c(Cl)c2Cl
195,13049-13-3,"4,4'-Dihydroxy-3,3',5,5'-tetrachlorobiphenyl",CAT1,CAT2,"InChI=1S/C12H6Cl4O2/c13-7-1-5(2-8(14)11(7)17)6-3-9(15)12(18)10(16)4-6/h1-4,17-18H",Oc1c(Cl)cc(cc1Cl)c2cc(Cl)c(O)c(Cl)c2
196,38411-22-2,"PCB 136 (2,2',3,3',6,6'-Hexachlorobiphenyl)",CAT2,,InChI=1S/C12H4Cl6/c13-5-1-3-7(15)11(17)9(5)10-6(14)2-4-8(16)12(10)18/h1-4H,Clc1ccc(Cl)c(c1Cl)c2c(Cl)ccc(Cl)c2Cl
197,1336-36-3,PCB,CAT1,,InChI=1S/C12H4Cl6/c13-7-1-5(2-8(14)11(7)17)6-3-9(15)12(18)10(16)4-6/h1-4H,Clc1cc(cc(Cl)c1Cl)c2cc(Cl)c(Cl)c(Cl)c2
198,11097-69-1,PCB Aroclor 1254,CAT1,,InChI=1S/C12H5Cl5/c13-8-3-1-2-6(10(8)15)7-4-5-9(14)12(17)11(7)16/h1-5H,Clc1cccc(c1Cl)c2ccc(Cl)c(Cl)c2Cl
199,8068-44-8,Clophen A50,CAT1,CAT2,,
200,11096-82-5,PCB Aroclor 1260 (Clophen A60),CAT1,,InChI=1S/C12H4Cl6/c13-7-3-1-5(9(15)11(7)17)6-2-4-8(14)12(18)10(6)16/h1-4H,Clc1ccc(c(Cl)c1Cl)c2ccc(Cl)c(Cl)c2Cl
201,NoCAS 036,PCB Aroclor 1016,CAT1,CAT1,,
202,54991-93-4,Clophen A30,CAT1,CAT2,,
203,32774-16-6,"PCB 169 (3,3',4,4',5,5'-Hexachlorobiphenyl)",CAT1,,InChI=1S/C12H4Cl6/c13-7-1-5(2-8(14)11(7)17)6-3-9(15)12(18)10(16)4-6/h1-4H,Clc1cc(cc(Cl)c1Cl)c2cc(Cl)c(Cl)c(Cl)c2
204,NoCAS 037,"PCB 126 (3,3',4,4',5-Pentachlorobiphenyl)",CAT1,CAT1,,
205,NoCAS 038,"Mixture of 2,3,4,5-tetrachlorobiphenyl (PCB 61), 2,2',4,5,5'-octachlorobiphenyl (PCB 101) and 2,2',3,3',4,4',5,5'-octachlorobiphenyl (PCB 194)",CAT1,CAT1,,
206,NoCAS 039,"PCB 104 (2,2',4,6,6'-Pentachlorobiphenyl)",CAT1,CAT1,,
207,NoCAS 040,"4-Hydroxy-3,3',4',5'-tetrachlorobiphenyl",CAT1,CAT2,,
208,38380-08-4,"PCB 156 (2,3,3',4,4',5-Hexachlorobiphenyl)",CAT2,,InChI=1S/C12H4Cl6/c13-7-2-1-5(3-8(7)14)6-4-9(15)11(17)12(18)10(6)16/h1-4H,Clc1ccc(cc1Cl)c2cc(Cl)c(Cl)c(Cl)c2Cl
209,NoCAS 041,"PCB 105 (2,3,3',4,4' -Pentachlorobiphenyl)",CAT1,CAT1,,
210,38380-07-3,"PCB 128 (2,2',3,3',4,4'-Hexachlorobiphenyl)",CAT1,CAT1,InChI=1S/C12H4Cl6/c13-7-3-1-5(9(15)11(7)17)6-2-4-8(14)12(18)10(6)16/h1-4H,Clc1ccc(c(Cl)c1Cl)c2ccc(Cl)c(Cl)c2Cl
211,NoCAS 042,"PCB 122 (2,3,3',4,5 -Pentachlorobiphenyl)",CAT1,CAT1,,
212,NoCAS 004,PBBs = Brominated Flame retardants = PBB (mixed group of 209 Congeners),CAT1,,,
213,12642-23-8,PCT Aroclor 5442,CAT1,CAT1,,
214,NoCAS 043,Octabrominated diphenyl ether (octaBDE),CAT2,,,
215,NoCAS 044,Decabrominated diphenyl ether (decaBDE),CAT2,,,
216,NoCAS 045,Pentabrominated diphenyl ether (pentaBDE),CAT2,,,
217,NoCAS 046,"2,2',4,4'-Tetrabrominated diphenyl ether (2,2',4,4'-tetraBDE)",CAT2,,,
218,56614-97-2,"3,9-Dihydroxybenz(a)anthracene",CAT1,CAT2,"InChI=1S/C18H12O2/c19-15-4-3-11-10-18-12(7-14(11)9-15)1-2-13-8-16(20)5-6-17(13)18/h1-10,19-20H",Oc1ccc2cc3c(ccc4cc(O)ccc34)cc2c1
219,7099-43-6,"5,6-Cyclopento-1,2-benzanthracene",CAT1,CAT2,"InChI=1S/C21H16/c1-2-6-18-14(4-1)8-10-16-13-21-17(12-20(16)18)11-9-15-5-3-7-19(15)21/h1-2,4,6,8-13H,3,5,7H2",C1Cc2ccc3cc4c(ccc5ccccc45)cc3c2C1
220,50-32-8,Benzo[a]pyrene,CAT1,CAT2,InChI=1S/C20H12/c1-2-7-17-15(4-1)12-16-9-8-13-5-3-6-14-10-11-18(17)20(16)19(13)14/h1-12H,c1ccc2c(c1)cc3ccc4cccc5ccc2c3c45
221,56-49-5,3-Methylcholanthrene,CAT1,CAT3b,"InChI=1S/C21H16/c1-13-6-7-15-12-20-17-5-3-2-4-14(17)8-9-18(20)19-11-10-16(13)21(15)19/h2-9,12H,10-11H2,1H3",Cc1ccc2cc3c(ccc4ccccc34)c5CCc1c25
222,57-97-6,"7,12-Dimethyl-1,2-benz(a)anthracene",CAT1,CAT2,"InChI=1S/C20H16/c1-13-16-8-5-6-9-17(16)14(2)20-18(13)12-11-15-7-3-4-10-19(15)20/h3-12H,1-2H3",Cc1c2ccccc2c(C)c3c4ccccc4ccc13
223,1746-01-6,"2,3,7,8-Tetrachlorodibenzo-p-dioxin (2,3,7,8-TCDD)",CAT1,,InChI=1S/C12H4Cl4O2/c13-5-1-9-10(2-6(5)14)18-12-4-8(16)7(15)3-11(12)17-9/h1-4H,Clc1cc2Oc3cc(Cl)c(Cl)cc3Oc2cc1Cl
224,97741-74-7,"7-Bromo-2,3-dichlorodibenzodioxin",CAT3b,CAT2,InChI=1S/C12H5BrCl2O2/c13-6-1-2-9-10(3-6)17-12-5-8(15)7(14)4-11(12)16-9/h1-5H,Clc1cc2Oc3ccc(Br)cc3Oc2cc1Cl
225,50585-46-1,"1,3,7,8-Tetrachlorodibenzodioxin",CAT3b,CAT2,InChI=1S/C12H4Cl4O2/c13-5-1-8(16)12-11(2-5)17-9-3-6(14)7(15)4-10(9)18-12/h1-4H,Clc1cc(Cl)c2Oc3cc(Cl)c(Cl)cc3Oc2c1
226,40321-76-4,"1,2,3,7,8-Pentachlorodibenzodioxin",CAT1,,InChI=1S/C12H3Cl5O2/c13-4-1-7-8(2-5(4)14)19-12-9(18-7)3-6(15)10(16)11(12)17/h1-3H,Clc1cc2Oc3cc(Cl)c(Cl)c(Cl)c3Oc2cc1Cl
227,50585-40-5,"2,3-Dibromo-7,8-dichlorodibenzodioxin",CAT3b,CAT2,InChI=1S/C12H4Br2Cl2O2/c13-5-1-9-10(2-6(5)14)18-12-4-8(16)7(15)3-11(12)17-9/h1-4H,Clc1cc2Oc3cc(Br)c(Br)cc3Oc2cc1Cl
228,109333-32-6,"2,8-Dibromo-3,7-dichlorodibenzodioxin",CAT3b,CAT2,InChI=1S/C12H4Br2Cl2O2/c13-5-1-9-11(3-7(5)15)18-12-4-8(16)6(14)2-10(12)17-9/h1-4H,Clc1cc2Oc3cc(Cl)c(Br)cc3Oc2cc1Br
229,131167-13-0,"2-Bromo-1,3,7,8-tetrachlorodibenzodioxin",CAT3b,CAT2,,
230,58802-20-3,"1,2,7,8-Tetrachlorodibenzofuran",CAT2,,InChI=1S/C12H4Cl4O/c13-6-1-2-9-11(12(6)16)5-3-7(14)8(15)4-10(5)17-9/h1-4H,Clc1ccc2oc3cc(Cl)c(Cl)cc3c2c1Cl
231,71998-72-6,"1,3,6,8-Tetrachlorodibenzofuran",CAT2,,InChI=1S/C12H4Cl4O/c13-5-1-7-11-8(15)2-6(14)4-10(11)17-12(7)9(16)3-5/h1-4H,Clc1cc(Cl)c2c(oc3c(Cl)cc(Cl)cc23)c1
232,51207-31-9,"2,3,7,8-Tetrachlorodibenzofuran",CAT2,,InChI=1S/C12H4Cl4O/c13-7-1-5-6-2-8(14)10(16)4-12(6)17-11(5)3-9(7)15/h1-4H,Clc1cc2oc3cc(Cl)c(Cl)cc3c2cc1Cl
233,103124-72-7,"8-Bromo-2,3,4-trichlorodibenzofuran",CAT3b,CAT2,InChI=1S/C12H4BrCl3O/c13-5-1-2-9-6(3-5)7-4-8(14)10(15)11(16)12(7)17-9/h1-4H,Clc1cc2c(oc3ccc(Br)cc23)c(Cl)c1Cl
234,57117-41-6,"1,2,3,7,8-Pentachlorodibenzofuran",CAT2,,InChI=1S/C12H3Cl5O/c13-5-1-4-8(2-6(5)14)18-9-3-7(15)11(16)12(17)10(4)9/h1-3H,Clc1cc2oc3cc(Cl)c(Cl)c(Cl)c3c2cc1Cl
235,83704-53-4,"1,2,3,7,9-Pentachlorodibenzofuran",CAT2,,InChI=1S/C12H3Cl5O/c13-4-1-5(14)9-7(2-4)18-8-3-6(15)11(16)12(17)10(8)9/h1-3H,Clc1cc(Cl)c2c(oc3cc(Cl)c(Cl)c(Cl)c23)c1
236,57117-31-4,"2,3,4,7,8-Pentachlorodibenzofuran (2,3,4,7,8-PeCDF)",CAT1,,InChI=1S/C12H3Cl5O/c13-6-1-4-5-2-8(15)10(16)11(17)12(5)18-9(4)3-7(6)14/h1-3H,Clc1cc2oc3c(Cl)c(Cl)c(Cl)cc3c2cc1Cl
237,112344-57-7,"8-Methyl-2,3,7-trichlorodibenzodioxin",CAT3b,CAT2,"InChI=1S/C13H7Cl3O2/c1-6-2-10-11(3-7(6)14)18-13-5-9(16)8(15)4-12(13)17-10/h2-5H,1H3",Cc1cc2Oc3cc(Cl)c(Cl)cc3Oc2cc1Cl
238,118174-38-2,"6-Methyl-1,3,8-trichlorodibenzofuran",CAT1,CAT2,"InChI=1S/C13H7Cl3O/c1-6-2-7(14)3-9-12-10(16)4-8(15)5-11(12)17-13(6)9/h2-5H,1H3",Cc1cc(Cl)cc2c1oc3cc(Cl)cc(Cl)c23
239,172485-97-1,"6-Methyl-2,3,8-trichlorodibenzofuran",CAT3b,CAT2,,
240,172485-98-2,"8-Methyl-1,3,7-trichlorodibenzofuran",CAT3b,CAT2,,
241,172485-96-0,"8-Methyl-1,3,6-trichlorodibenzofuran",CAT3b,CAT2,,
242,172485-99-3,"8-Methyl-2,3,7-trichlorodibenzofuran",CAT3b,CAT2,,
243,125652-16-6,"6-Ethyl-1,3,8-trichlorodibenzofuran",CAT3b,CAT2,,
244,125652-14-4,"6-n-Propyl-1,3,8-trichlorodibenzofuran",CAT3b,CAT2,,
245,125652-13-3,"6-i-Propyl-1,3,8-trichlorodibenzofuran",CAT3b,CAT2,,
246,125652-12-2,"6-t-Butyl-1,3,8-trichlorodibenzofuran",CAT3b,CAT2,"InChI=1S/C16H13Cl3O/c1-16(2,3)11-5-8(17)4-10-14-12(19)6-9(18)7-13(14)20-15(10)11/h4-7H,1-3H3",CC(C)(C)c1cc(Cl)cc2c1oc3cc(Cl)cc(Cl)c23
247,139883-51-5,"6-Methyl-2,3,4,8-tetrachlorodibenzofuran",CAT3b,CAT2,,
248,139883-50-4,"8-Methyl-1,2,4,7-tetrachlorodibenzofuran",CAT3b,CAT2,,
249,172486-00-9,"8-Methyl-2,3,4,7-tetrachlorodibenzofuran",CAT3b,CAT2,,
250,22967-92-6,Methylmercury,CAT3,CAT3,InChI=1S/CH3.Hg/h1H3;/q;+1,C[Hg+]
251,688-73-3,Tributyltin hydride,CAT2,CAT1,"InChI=1S/3C4H9.Sn/c3*1-3-4-2;/h3*1,3-4H2,2H3;",CCCC[Sn](CCCC)CCCC
252,7439-92-1,Lead,CAT3,CAT3,InChI=1S/Pb,[Pb]
253,7439-97-6,Mercury,CAT3,CAT3,InChI=1S/Hg,[Hg]
254,7440-43-9,Cadmium,CAT3,CAT3,InChI=1S/Cd/q+2,[Cd++]
255,56-35-9,Tributyltin oxide = bis(tributyltin) oxide,CAT2,CAT1,"InChI=1S/6C4H9.O.2Sn/c6*1-3-4-2;;;/h6*1,3-4H2,2H3;;;",O(|[Sn](CCCC)(CCCC)CCCC)|[Sn](CCCC)(CCCC)CCCC
256,NoCAS 050,Tributyltin compounds,CAT2,CAT1,,
257,NoCAS 051,Triphenyltin,CAT3,CAT1,,
258,119-61-9,Benzophenone,CAT3b,CAT3b,InChI=1S/C13H10O/c14-13(11-7-3-1-4-8-11)12-9-5-2-6-10-12/h1-10H,O=C(c1ccccc1)c2ccccc2
259,99-99-0,4-Nitrotoluene,CAT1,CAT3,"InChI=1S/C7H7NO2/c1-6-2-4-7(5-3-6)8(9)10/h2-5H,1H3",Cc1ccc(cc1)[N+]([O-])=O
260,72-33-3,Mestranol,CAT1,CAT2,"InChI=1S/C21H26O2/c1-4-21(22)12-10-19-18-7-5-14-13-15(23-3)6-8-16(14)17(18)9-11-20(19,21)2/h1,6,8,13,17-19,22H,5,7,9-12H2,2-3H3/t17-,18-,19+,20+,21+/m1/s1",COc1ccc2[C@H]3CC[C@@]4(C)[C@@H](CC[C@@]4(O)C#C)[C@@H]3CCc2c1
261,537-98-4,Ferulic acid (FA),CAT3a,CAT3b,"InChI=1S/C10H10O4/c1-14-9-6-7(2-4-8(9)11)3-5-10(12)13/h2-6,11H,1H3,(H,12,13)/b5-3+",COc1cc(\C=C\C(O)=O)ccc1O
262,7400-08-0,p-Coumaric acid (PCA),CAT1,CAT3b,"InChI=1S/C9H8O3/c10-8-4-1-7(2-5-8)3-6-9(11)12/h1-6,10H,(H,11,12)/b6-3+",OC(=O)/C=C/c1ccc(O)cc1
263,485-72-3,Formononetin,CAT3a,CAT3a,"InChI=1S/C16H12O4/c1-19-12-5-2-10(3-6-12)14-9-20-15-8-11(17)4-7-13(15)16(14)18/h2-9,17H,1H3",COc1ccc(cc1)C2=COc3cc(O)ccc3C2=O
264,491-80-5,Biochanin A,CAT2,CAT3b,"InChI=1S/C16H12O5/c1-20-11-4-2-9(3-5-11)12-8-21-14-7-10(17)6-13(18)15(14)16(12)19/h2-8,17-18H,1H3",COc1ccc(cc1)C2=COc3cc(O)cc(O)c3C2=O
265,19044-88-3,Oryzalin,CAT3a,CAT3b,"InChI=1S/C12H18N4O6S/c1-3-5-14(6-4-2)12-10(15(17)18)7-9(23(13,21)22)8-11(12)16(19)20/h7-8H,3-6H2,1-2H3,(H2,13,21,22)",CCCN(CCC)c1c(cc(cc1[N+]([O-])=O)[S](N)(=O)=O)[N+]([O-])=O
266,23950-58-5,Pronamide,CAT3b,CAT3b,"InChI=1S/C12H11Cl2NO/c1-4-12(2,3)15-11(16)8-5-9(13)7-10(14)6-8/h1,5-7H,2-3H3,(H,15,16)",CC(C)(NC(=O)c1cc(Cl)cc(Cl)c1)C#C
267,11141-17-6,Azadirachtin,CAT3a,CAT3b,"InChI=1S/C35H44O16/c1-8-15(2)24(38)49-18-12-19(48-16(3)36)32(26(39)43-6)13-46-21-22(32)31(18)14-47-34(42,27(40)44-7)25(31)29(4,23(21)37)35-20-11-17(30(35,5)51-35)33(41)9-10-45-28(33)50-20/h8-10,17-23,25,28,37,41-42H,11-14H2,1-7H3/b15-8+/t17-,18+,19-,20+,21-,22-,23-,25+,28+,29-,30+,31+,32+,33+,34+,35+/m1/s1",COC(=O)[C@@]1(O)OC[C@@]23[C@H](C[C@@H](OC(C)=O)[C@]4(CO[C@@H]([C@@H](O)[C@](C)([C@H]12)[C@]56O[C@@]5(C)[C@H]7C[C@@H]6O[C@@H]8OC=C[C@]78O)[C@H]34)C(=O)OC)OC(=O)C(/C)=C/C
268,83-05-6,"p,p'-DDA",CAT2,CAT2,"InChI=1S/C14H10Cl2O2/c15-11-5-1-9(2-6-11)13(14(17)18)10-3-7-12(16)8-4-10/h1-8,13H,(H,17,18)",OC(=O)C(c1ccc(Cl)cc1)c2ccc(Cl)cc2
269,1022-22-6,"p,p'-DDMU",CAT1,CAT3b,InChI=1S/C14H9Cl3/c15-9-14(10-1-5-12(16)6-2-10)11-3-7-13(17)8-4-11/h1-9H,ClC=C(c1ccc(Cl)cc1)c2ccc(Cl)cc2
270,NoCAS 087,"PCB138 2,2',3,4,4',5'-hexachlorobiphenyl",CAT1,CAT1,,
271,NoCAS 088,"PCB180 2,2',3,4,4',5,5'-heptachlorobiphenyl",CAT1,CAT1,,
272,56-55-3,Benz(a)anthracene,CAT2,CAT2,InChI=1S/C18H12/c1-2-7-15-12-18-16(11-14(15)6-1)10-9-13-5-3-4-8-17(13)18/h1-12H,c1ccc2cc3c(ccc4ccccc34)cc2c1
273,1634-04-4,methyl tertiary butyl ether (MTBE),CAT1,CAT2,"InChI=1S/C5H12O/c1-5(2,3)6-4/h1-4H3",COC(C)(C)C
274,NoCAS 092,"PCB 114 (2,3,4,4',5-pentachlorobiphenyl)",CAT1,CAT1,,
275,109333-33-7,"2-Bromo-3,7,8-trichlorodibenzodioxin",CAT3b,CAT2,InChI=1S/C12H4BrCl3O2/c13-5-1-9-10(2-6(5)14)18-12-4-8(16)7(15)3-11(12)17-9/h1-4H,Clc1cc2Oc3cc(Cl)c(Br)cc3Oc2cc1Cl
276,NoCAS 096,"1,1-trichloro-2,2-bis(4-hydroxyphenyl)ethane (HPTE)",CAT1,CAT1,,
277,NoCAS 097,"4-OH-2,2',4',5,5'-pentachlorobiphenyl",CAT1,CAT2,,
278,2597-03-7,Elsan = Dimephenthoate,CAT3b,CAT2,"InChI=1S/C12H17O4PS2/c1-4-16-12(13)11(10-8-6-5-7-9-10)19-17(18,14-2)15-3/h5-9,11H,4H2,1-3H3",CCOC(=O)C(S[P](=S)(OC)OC)c1ccccc1
279,122-14-5,Fenitrothion,CAT1,CAT2,"InChI=1S/C9H12NO5PS/c1-7-6-8(4-5-9(7)10(11)12)15-16(17,13-2)14-3/h4-6H,1-3H3",CO[P](=S)(OC)Oc1ccc(c(C)c1)[N+]([O-])=O
280,55-38-9,Fenthion,CAT3,CAT3,"InChI=1S/C10H15O3PS2/c1-8-7-9(5-6-10(8)16-4)13-14(15,11-2)12-3/h5-7H,1-4H3",CO[P](=S)(OC)Oc1ccc(SC)c(C)c1
281,1675-54-3,"2,2'-bis(4-(2,3-epoxypropoxy)phenyl)propane = 2,2'-[(1-methylethylidene)bis(4,1-phenyleneoxymethylene)]bisoxirane",CAT2,CAT3,"InChI=1S/C21H24O4/c1-21(2,15-3-7-17(8-4-15)22-11-19-13-24-19)16-5-9-18(10-6-16)23-12-20-14-25-20/h3-10,19-20H,11-14H2,1-2H3",CC(C)(c1ccc(OCC2CO2)cc1)c3ccc(OCC4CO4)cc3
282,25036-25-3,"2,2'-bis(2-(2,3-epoxypropoxy)phenyl)-propane",CAT3b,CAT1,,
283,25085-99-8,Bisphenol A-diglycidylether polymer (mw<700),CAT3b,CAT2,,
284,11081-15-5,"Phenol, isooctyl-",CAT1,CAT1,,
285,117-84-0,"1,2-Benzenedicarboxylic acid, dioctyl ester",CAT3b,CAT3b,"InChI=1S/C24H38O4/c1-3-5-7-9-11-15-19-27-23(25)21-17-13-14-18-22(21)24(26)28-20-16-12-10-8-6-4-2/h13-14,17-18H,3-12,15-16,19-20H2,1-2H3",CCCCCCCCOC(=O)c1ccccc1C(=O)OCCCCCCCC
286,1322-97-0,"Ethanol, 2-(octylphenoxy)- = Octylphenolethoxylate",CAT3b,CAT3b,"InChI=1S/C16H26O2/c1-2-3-4-5-6-8-13-16(14-17)18-15-11-9-7-10-12-15/h7,9-12,16-17H,2-6,8,13-14H2,1H3",CCCCCCCCC(CO)Oc1ccccc1
287,17404-44-3,"Phenol, 2-(1-ethylhexyl)-",CAT3b,CAT3b,"InChI=1S/C14H22O/c1-3-5-6-9-12(4-2)13-10-7-8-11-14(13)15/h7-8,10-12,15H,3-6,9H2,1-2H3",CCCCCC(CC)c1ccccc1O
288,1806-26-4,"Phenol, 4-octyl-",CAT1,CAT1,"InChI=1S/C14H22O/c1-2-3-4-5-6-7-8-13-9-11-14(15)12-10-13/h9-12,15H,2-8H2,1H3",CCCCCCCCc1ccc(O)cc1
289,1818-08-2,"Phenol, 4-(1-methylheptyl)-",CAT3b,CAT3b,"InChI=1S/C14H22O/c1-3-4-5-6-7-12(2)13-8-10-14(15)11-9-13/h8-12,15H,3-7H2,1-2H3",CCCCCCC(C)c1ccc(O)cc1
290,18626-98-7,"Phenol, 2-(1-methylheptyl)-",CAT3b,CAT3b,"InChI=1S/C14H22O/c1-3-4-5-6-9-12(2)13-10-7-8-11-14(13)15/h7-8,10-12,15H,3-6,9H2,1-2H3",CCCCCCC(C)c1ccccc1O
291,1983-10-4,"Stannane, tributylfluoro-",CAT2,CAT1,"InChI=1S/3C4H9.F.Sn/c3*1-3-4-2;;/h3*1,3-4H2,2H3;;",[F]|[Sn](CCCC)(CCCC)CCCC
292,2155-70-6,Tributyl[(2-methyl-1-oxo-2-propenyl)oxy]stannane,CAT2,CAT1,"InChI=1S/C4H5O2.3C4H9.Sn/c1-3(2)4(5)6;3*1-3-4-2;/h1H2,2H3;3*1,3-4H2,2H3;",CCCC[Sn](|[O]C(=O)C(C)=C)(CCCC)CCCC
293,24124-25-2,"Stannane, tributyl[(1-oxo-9,12-octadecad",CAT2,CAT1,"InChI=1S/C18H31O2.3C4H9.Sn/c1-2-3-4-5-6-7-8-9-10-11-12-13-14-15-16-17-18(19)20;3*1-3-4-2;/h6-7,9-10H,2-5,8,11-17H2,1H3;3*1,3-4H2,2H3;/b7-6-,10-9-;;;;",CCCCC/C=C\C\C=C/CCCCCCCC([O]|[Sn](CCCC)(CCCC)CCCC)=O
294,25154-52-3,"Phenol, nonyl-",CAT1,CAT1,"InChI=1S/C15H24O.K/c1-2-3-4-5-6-7-8-11-14-12-9-10-13-15(14)16;/h9-10,12-13,16H,2-8,11H2,1H3;/q;+1/p-1",[K+].CCCCCCCCCc1ccccc1[O-]
295,26239-64-5,"Stannane, tributyl[[[1,2,3,4,4a,4b,5,6,1",CAT2,CAT1,,
296,26354-18-7,"2-propenoic acid, 2-methyl-, methyl ester = Stannane, tributylmeacrylate",CAT2,CAT1,,
297,26401-75-2,"Phenol, 2-sec-octyl-",CAT3b,CAT3b,,
298,26636-32-8,Tributyltinnaphthalate,CAT2,CAT1,"InChI=1S/C16H26O2/c1-2-3-4-5-6-7-8-15-9-11-16(12-10-15)18-14-13-17/h9-12,17H,2-8,13-14H2,1H3",CCCCCCCCc1ccc(OCCO)cc1
299,26761-40-0,Diisodecyl phthalate,CAT2,CAT3,"InChI=1S/C28H46O4/c1-23(2)17-11-7-5-9-15-21-31-27(29)25-19-13-14-20-26(25)28(30)32-22-16-10-6-8-12-18-24(3)4/h13-14,19-20,23-24H,5-12,15-18,21-22H2,1-4H3",CC(C)CCCCCCCOC(=O)c1ccccc1C(=O)OCCCCCCCC(C)C
300,2717-05-5,"Heptaoctatrikosan-1-ol, 23-(nonylphenoxy)3,6,9,12,15,18,21-nonylphenolmonoethoxylate",CAT3b,CAT3b,,
301,27193-28-8,"Phenol, (1,1,3,3-tetramethylbutyl)- = Octylphenol",CAT1,CAT1,"InChI=1S/C14H22O/c1-13(2,3)10-14(4,5)11-8-6-7-9-12(11)15/h6-9,15H,10H2,1-5H3",CC(C)(C)CC(C)(C)c1ccccc1O
302,27214-47-7,"Phenol, 4-sec-octyl-",CAT3b,,,
303,27985-70-2,"Phenol, (1-methylheptyl)-",CAT3b,CAT3b,"InChI=1S/C14H22O/c1-3-4-5-6-7-12(2)13-8-10-14(15)11-9-13/h8-12,15H,3-7H2,1-2H3",CCCCCCC(C)c1ccc(O)cc1
304,27986-36-3,"Ethanol, 2-(nonylphenoxy)-",CAT3b,CAT3b,"InChI=1S/C17H28O2/c1-2-3-4-5-6-7-8-11-16-12-9-10-13-17(16)19-15-14-18/h9-10,12-13,18H,2-8,11,14-15H2,1H3",CCCCCCCCCc1ccccc1OCCO
305,28553-12-0,"diisononyl phthalate = 1,2-Benzenedicarboxylic acid, diisononyl ester (DINP)",CAT2,CAT3,"InChI=1S/C26H42O4/c1-21(2)15-9-5-7-13-19-29-25(27)23-17-11-12-18-24(23)26(28)30-20-14-8-6-10-16-22(3)4/h11-12,17-18,21-22H,5-10,13-16,19-20H2,1-4H3",CC(C)CCCCCCOC(=O)c1ccccc1C(=O)OCCCCCCC(C)C
306,3090-35-5,"Stannane, tributyl[(1-oxo-9-octadecenyl)",CAT2,CAT1,"InChI=1S/C18H33O2.3C4H9.Sn/c1-2-3-4-5-6-7-8-9-10-11-12-13-14-15-16-17-18(19)20;3*1-3-4-2;/h9-10H,2-8,11-17H2,1H3;3*1,3-4H2,2H3;/b10-9-;;;;",CCCCCCCC\C=C/CCCCCCCC([O]|[Sn](CCCC)(CCCC)CCCC)=O
307,NoCAS 099,Tributyltincarboxylate,CAT2,CAT1,,
308,NoCAS 100,"Methoxyetylacrylate tinbutyltin, copolymer",CAT2,CAT1,,
309,3307-00-4,"Phenol, 4-(1-ethylhexyl)-",CAT3b,CAT3b,"InChI=1S/C14H22O/c1-3-5-6-7-12(4-2)13-8-10-14(15)11-9-13/h8-12,15H,3-7H2,1-2H3",CCCCCC(CC)c1ccc(O)cc1
310,3307-01-5,"Phenol, 4-(1-propylpentyl)-",CAT3b,CAT3b,"InChI=1S/C14H22O/c1-3-5-7-12(6-4-2)13-8-10-14(15)11-9-13/h8-12,15H,3-7H2,1-2H3",CCCCC(CCC)c1ccc(O)cc1
311,NoCAS 101,Tributyltinpolyethoxylate,CAT2,CAT1,,
312,36631-23-9,"Stannane, tributyl = Tributyltin naphtalate",CAT2,CAT1,,
313,37631-10-0,"Phenol, 2-(1-propylpentyl)-",CAT3b,CAT3b,"InChI=1S/C14H22O/c1-3-5-9-12(8-4-2)13-10-6-7-11-14(13)15/h6-7,10-12,15H,3-5,8-9H2,1-2H3",CCCCC(CCC)c1ccccc1O
314,3884-95-5,"Phenol, 2-(1,1,3,3-tetramethylbutyl)-",CAT3b,CAT3b,"InChI=1S/C14H22O/c1-13(2,3)10-14(4,5)11-8-6-7-9-12(11)15/h6-9,15H,10H2,1-5H3",CC(C)(C)CC(C)(C)c1ccccc1O
315,4342-30-7,"Phenol, 2-[[(tributylstannyl)oxy]carbony",CAT2,CAT1,"InChI=1S/C7H5O3.3C4H9.Sn/c8-6-4-2-1-3-5(6)7(9)10;3*1-3-4-2;/h1-4,8H;3*1,3-4H2,2H3;",CCCC[Sn](|[O]C(=O)c1ccccc1O)(CCCC)CCCC
316,4342-36-3,"Stannane, (benzoyloxy)tributyl-",CAT2,CAT1,"InChI=1S/C7H5O2.3C4H9.Sn/c8-7(9)6-4-2-1-3-5-6;3*1-3-4-2;/h1-5H;3*1,3-4H2,2H3;",CCCC[Sn](|[O]C(=O)c1ccccc1)(CCCC)CCCC
317,4782-29-0,"Stannane, [1,2-phenylenebis(carbonyloxy)",CAT2,CAT1,"InChI=1S/C8H4O4.6C4H9.2Sn/c9-7(10)5-3-1-2-4-6(5)8(11)12;6*1-3-4-2;;/h1-4H;6*1,3-4H2,2H3;;",CCCC[Sn](|[O]C(=O)c1ccccc1C([O]|[Sn](CCCC)(CCCC)CCCC)=O)(CCCC)CCCC
318,50585-41-6,"2,3,7,8-TeBDD",CAT1,CAT2,InChI=1S/C12H4Br4O2/c13-5-1-9-10(2-6(5)14)18-12-4-8(16)7(15)3-11(12)17-9/h1-4H,Brc1cc2Oc3cc(Br)c(Br)cc3Oc2cc1Br
319,68515-49-1,"1,2-Benzenedicarboxylic acid, di-C9-11-branched alkyl esters, C10-rich (DIDP)",CAT3,CAT3,"InChI=1S/C28H46O4/c1-23(2)17-11-7-5-9-15-21-31-27(29)25-19-13-14-20-26(25)28(30)32-22-16-10-6-8-12-18-24(3)4/h13-14,19-20,23-24H,5-12,15-18,21-22H2,1-4H3",CC(C)CCCCCCCOC(=O)c1ccccc1C(=O)OCCCCCCCC(C)C
320,85409-17-2,"Stannane, tributyl-, mono(naphthenoyloxy",CAT2,CAT1,,
321,9014-90-8,"Poly(oxy-1,2-ethanediyl), alpha-sulfo-omega-nonylphenoxy",CAT3b,CAT3b,"InChI=1S/C30H46O.Na.H2O4S/c1-3-5-7-9-11-13-15-21-27-23-17-19-25-29(27)31-30-26-20-18-24-28(30)22-16-14-12-10-8-6-4-2;;1-5(2,3)4/h17-20,23-26H,3-16,21-22H2,1-2H3;;(H2,1,2,3,4)/q;+1;/p-2",[Na+].CCCCCCCCCc1ccccc1Oc2ccccc2CCCCCCCCC.[O-][S]([O-])(=O)=O
322,949-13-3,"Phenol, 2-octyl-",CAT3b,CAT3b,"InChI=1S/C14H22O/c1-2-3-4-5-6-7-10-13-11-8-9-12-14(13)15/h8-9,11-12,15H,2-7,10H2,1H3",CCCCCCCCc1ccccc1O
323,6164-98-3,Chlordimeform,CAT1,CAT3b,"InChI=1S/C10H13ClN2/c1-8-6-9(11)4-5-10(8)12-7-13(2)3/h4-7H,1-3H3",CN(C)C=Nc1ccc(Cl)cc1C
324,2921-88-2,Chlorpyrifos,CAT3a,CAT3b,"InChI=1S/C9H11Cl3NO3PS/c1-3-14-17(18,15-4-2)16-9-7(11)5-6(10)8(12)13-9/h5H,3-4H2,1-2H3",CCO[P](=S)(OCC)Oc1nc(Cl)c(Cl)cc1Cl
325,298-00-0,Methylparathion,CAT3,CAT2,"InChI=1S/C8H10NO5PS/c1-12-15(16,13-2)14-8-5-3-7(4-6-8)9(10)11/h3-6H,1-2H3",CO[P](=S)(OC)Oc1ccc(cc1)[N+]([O-])=O
326,22248-79-9,Tetrachlorvinphos = Gardona,CAT3a,CAT3b,"InChI=1S/C10H9Cl4O4P/c1-16-19(15,17-2)18-10(5-11)6-3-8(13)9(14)4-7(6)12/h3-5H,1-2H3/b10-5+",CO[P](=O)(OC)OC(=C/Cl)/c1cc(Cl)c(Cl)cc1Cl
327,7786-34-7,Mevinphos = Phosdrin,CAT3a,CAT2,"InChI=1S/C7H13O6P/c1-6(5-7(8)10-2)13-14(9,11-3)12-4/h5H,1-4H3/b6-5+",COC(=O)\C=C(/C)O[P](=O)(OC)OC
328,545-55-1,TEPA,CAT3a,CAT3b,"InChI=1S/C6H12N3OP/c10-11(7-1-2-7,8-3-4-8)9-5-6-9/h1-6H2",O=[P](N1CC1)(N2CC2)N3CC3
329,1563-66-2,Carbofuran,CAT2,CAT2,"InChI=1S/C12H15NO3/c1-12(2)7-8-5-4-6-9(10(8)16-12)15-11(14)13-3/h4-6H,7H2,1-3H3,(H,13,14)",CNC(=O)Oc1cccc2CC(C)(C)Oc12
330,106-47-8,4-chloroaniline,CAT3b,CAT3b,"InChI=1S/C6H6ClN/c7-5-1-3-6(8)4-2-5/h1-4H,8H2",Nc1ccc(Cl)cc1
331,108-95-2,Phenol,CAT3,CAT3,"InChI=1S/C6H6O/c7-6-4-2-1-3-5-6/h1-5,7H",Oc1ccccc1
332,7012-37-5,"PCB 28 (2,4,4'-trichlorobiphenyl)",CAT1,CAT1,InChI=1S/C12H7Cl3/c13-9-3-1-8(2-4-9)11-6-5-10(14)7-12(11)15/h1-7H,Clc1ccc(cc1)c2ccc(Cl)cc2Cl
333,31508-00-6,"PCB 118 (2,3',4,4',5-pentachlorobiphenyl)",CAT1,CAT1,InChI=1S/C12H5Cl5/c13-8-2-1-6(3-10(8)15)7-4-11(16)12(17)5-9(7)14/h1-5H,Clc1ccc(cc1Cl)c2cc(Cl)c(Cl)cc2Cl
334,50-18-0,Cyclophosphamide,CAT1,CAT3b,"InChI=1S/C7H15Cl2N2O2P/c8-2-5-11(6-3-9)14(12)10-4-1-7-13-14/h1-7H2,(H,10,12)",ClCCN(CCCl)[P]1(=O)NCCCO1
335,319-86-8,Delta-HCH,CAT2,CAT3b,InChI=1S/C6H6Cl6/c7-1-2(8)4(10)6(12)5(11)3(1)9/h1-6H,ClC1C(Cl)C(Cl)C(Cl)C(Cl)C1Cl
336,131-70-4,Mono-n-butylphthalate,CAT1,CAT3b,"InChI=1S/C12H14O4/c1-2-3-8-16-12(15)10-7-5-4-6-9(10)11(13)14/h4-7H,2-3,8H2,1H3,(H,13,14)",CCCCOC(=O)c1ccccc1C(O)=O
337,91465-08-6,Cyhalothrin (@Karate),CAT1,CAT3b,"InChI=1S/C23H19ClF3NO3/c1-22(2)17(12-19(24)23(25,26)27)20(22)21(29)31-18(13-28)14-7-6-10-16(11-14)30-15-8-4-3-5-9-15/h3-12,17-18,20H,1-2H3/b19-12-/t17-,18?,20-/m0/s1",CC1(C)[C@@H](\C=C(/Cl)C(F)(F)F)[C@H]1C(=O)OC(C#N)c2cccc(Oc3ccccc3)c2
338,82657-04-3,Bifenthrin (@Talstar),CAT1,CAT3b,"InChI=1S/C23H22ClF3O2/c1-14-16(10-7-11-17(14)15-8-5-4-6-9-15)13-29-21(28)20-18(22(20,2)3)12-19(24)23(25,26)27/h4-12,18,20H,13H2,1-3H3/b19-12-",Cc1c(COC(=O)C2C(\C=C(/Cl)C(F)(F)F)C2(C)C)cccc1c3ccccc3
339,2279-76-7,Tri-n-propyltin (TPrT),CAT3,CAT1,"InChI=1S/3C3H7.Cl.Sn/c3*1-3-2;;/h3*1,3H2,2H3;;",[Cl]|[Sn](CCC)(CCC)CCC
340,1461-25-2,Tetrabutyltin (TTBT),CAT2,CAT1,"InChI=1S/4C4H9.Sn/c4*1-3-4-2;/h4*1,3-4H2,2H3;",CCCC[Sn](CCCC)(CCCC)CCCC
341,103456-39-9,TeBDD,CAT3b,CAT2,,
342,106340-44-7,Tetrabromodibenzofuran (TeBDF),CAT2,,,
343,109333-34-8,"1,2,3,7,8-PeBDD",CAT3b,CAT2,InChI=1S/C12H3Br5O2/c13-4-1-7-8(2-5(4)14)19-12-9(18-7)3-6(15)10(16)11(12)17/h1-3H,Brc1cc2Oc3cc(Br)c(Br)c(Br)c3Oc2cc1Br
344,NoCAS 112,"1,2,4,7,8-PeCDD",CAT3b,CAT2,,
345,NoCAS 115,"1,3,7,8-TeBCDD",CAT3b,CAT2,,
346,71751-41-2,Abamectin,CAT3a,CAT3b,"InChI=1S/C48H72O14.C47H70O14/c1-11-25(2)43-28(5)17-18-47(62-43)23-34-20-33(61-47)16-15-27(4)42(26(3)13-12-14-32-24-55-45-40(49)29(6)19-35(46(51)58-34)48(32,45)52)59-39-22-37(54-10)44(31(8)57-39)60-38-21-36(53-9)41(50)30(7)56-38;1-24(2)41-27(5)16-17-46(61-41)22-33-19-32(60-46)15-14-26(4)42(25(3)12-11-13-31-23-54-44-39(48)28(6)18-34(45(50)57-33)47(31,44)51)58-38-21-36(53-10)43(30(8)56-38)59-37-20-35(52-9)40(49)29(7)55-37/h12-15,17-19,25-26,28,30-31,33-45,49-50,52H,11,16,20-24H2,1-10H3;11-14,16-18,24-25,27,29-30,32-44,48-49,51H,15,19-23H2,1-10H3/b13-12+,27-15+,32-14+;12-11+,26-14+,31-13+/t25?,26-,28-,30-,31-,33+,34-,35-,36-,37-,38-,39-,40+,41-,42-,43+,44-,45+,47+,48+;25-,27-,29-,30-,32+,33-,34-,35-,36-,37-,38-,39+,40-,41+,42-,43-,44+,46+,47+/m00/s1",CCC(C)[C@H]1O[C@@]2(C[C@@H]3C[C@@H](C\C=C(C)\[C@@H](O[C@H]4C[C@H](OC)[C@@H](O[C@H]5C[C@H](OC)[C@@H](O)[C@H](C)O5)[C@H](C)O4)[C@@H](C)/C=C/C=C/6CO[C@@H]7[C@H](O)C(=C[C@@H](C(=O)O3)[C@]67O)C)O2)C=C[C@@H]1C.CO[C@H]8C[C@@H](O[C@@H](C)[C@@H]8O)O[C@H]9[C@H](C)O[C@H](C[C@@H]9OC)O[C@H]/%10[C@@H](C)/C=C/C=C/%11CO[C@@H]%12[C@H](O)C(=C[C@@H](C(=O)O[C@H]%13C[C@@H](C\C=C%10C)O[C@@]%14(C%13)O[C@H](C(C)C)[C@@H](C)C=C%14)[C@]%11%12O)C
347,33089-61-1,Amitraz,CAT3a,CAT3b,"InChI=1S/C19H23N3/c1-14-6-8-18(16(3)10-14)20-12-22(5)13-21-19-9-7-15(2)11-17(19)4/h6-13H,1-5H3",CN(C=Nc1ccc(C)cc1C)C=Nc2ccc(C)cc2C
348,1689-84-5,Bromoxynil,CAT2,CAT3b,"InChI=1S/C7H3Br2NO/c8-5-1-4(3-10)2-6(9)7(5)11/h1-2,11H",Oc1c(Br)cc(cc1Br)C#N
349,55179-31-2,Bitertanol,CAT3b,CAT3b,"InChI=1S/C20H23N3O2/c1-20(2,3)18(24)19(23-14-21-13-22-23)25-17-11-9-16(10-12-17)15-7-5-4-6-8-15/h4-14,18-19,24H,1-3H3",CC(C)(C)C(O)C(Oc1ccc(cc1)c2ccccc2)n3cncn3
350,NoCAS 121,Epiconazol,CAT3b,CAT3b,,
351,65277-42-1,Ketoconazol,CAT1,CAT3b,"InChI=1S/C26H28Cl2N4O4/c1-19(33)31-10-12-32(13-11-31)21-3-5-22(6-4-21)34-15-23-16-35-26(36-23,17-30-9-8-29-18-30)24-7-2-20(27)14-25(24)28/h2-9,14,18,23H,10-13,15-17H2,1H3/t23-,26-/m1/s1",CC(=O)N1CCN(CC1)c2ccc(OC[C@@H]3CO[C@](Cn4ccnc4)(O3)c5ccc(Cl)cc5Cl)cc2
352,43121-43-3,Triadimefon,CAT2,CAT3,"InChI=1S/C14H16ClN3O2/c1-14(2,3)12(19)13(18-9-16-8-17-18)20-11-6-4-10(15)5-7-11/h4-9,13H,1-3H3",CC(C)(C)C(=O)C(Oc1ccc(Cl)cc1)n2cncn2
353,123-88-6,Triadimenol,CAT2,CAT3b,"InChI=1S/C3H7O.ClH.Hg/c1-3-4-2;;/h1,3H2,2H3;1H;/q;;+1/p-1",[Cl-].COCC[Hg+]
354,900-95-8,Fentin acetate = triphenyltin acetate,CAT3,CAT1,InChI=1S/3C6H5.C2H3O2.Sn/c3*1-2-4-6-5-3-1;1-2(3)4;/h3*1-5H;1H3;,CC([O]|[Sn](c1ccccc1)(c2ccccc2)c3ccccc3)=O
355,51276-47-2,Glufosinate,CAT3a,CAT3b,"InChI=1S/C5H12NO4P.H3N/c1-11(9,10)3-2-4(6)5(7)8;/h4H,2-3,6H2,1H3,(H,7,8)(H,9,10);1H3",[NH4+].C[P](O)(=O)CCC(N)C([O-])=O
356,2439-99-8,Glyphosate,CAT3a,CAT3b,"InChI=1S/C4H11NO8P2/c6-4(7)1-5(2-14(8,9)10)3-15(11,12)13/h1-3H2,(H,6,7)(H2,8,9,10)(H2,11,12,13)",OC(=O)CN(C[P](O)(O)=O)C[P](O)(O)=O
357,1689-83-4,Ioxynil,CAT1,CAT3b,"InChI=1S/C7H3I2NO/c8-5-1-4(3-10)2-6(9)7(5)11/h1-2,11H",Oc1c(I)cc(cc1I)C#N
358,1332-40-7,Copper oxychlor,CAT3,CAT3,InChI=1S/ClH.2Cu.3H2O/h1H;;;3*1H2/q;2*+2;;;/p-4,[OH-].[OH-].[OH-].[Cl-].[Cu++].[Cu++]
359,7758-98-7,Copper sulfate,CAT3,CAT3,"InChI=1S/Cu.H2O4S/c;1-5(2,3)4/h;(H2,1,2,3,4)/q+2;/p-2",[Cu++].[O-][S]([O-])(=O)=O
360,74-83-9,Methylbromide (bromomethane),CAT2,CAT3,InChI=1S/CH3Br/c1-2/h1H3,CBr
361,4685-14-7,"Paraquat = 1,1'-dimethyl-4,4'-bipyridinium",CAT3b,CAT3b,"InChI=1S/C12H14N2/c1-13-7-3-11(4-8-13)12-5-9-14(2)10-6-12/h3-10H,1-2H3/q+2",C[n+]1ccc(cc1)c2cc[n+](C)cc2
362,13171-21-6,Phosophamidon,CAT2,CAT3b,"InChI=1S/C10H19ClNO5P/c1-6-12(7-2)10(13)9(11)8(3)17-18(14,15-4)16-5/h6-7H2,1-5H3/b9-8-",CCN(CC)C(=O)\C(Cl)=C(/C)O[P](=O)(OC)OC
363,137-42-8,Metam Natrium,CAT1,CAT3,"InChI=1S/C2H5NS2.Na/c1-3-2(4)5;/h1H3,(H2,3,4,5);/q;+1/p-1",[Na+].CNC([S-])=S
364,106-93-4,Dibromoethane (EDB),CAT1,CAT3b,InChI=1S/C2H4Br2/c3-1-2-4/h1-2H2,BrCCBr
365,76674-21-0,Flutriafol,CAT3b,CAT3b,"InChI=1S/C16H13F2N3O/c17-13-7-5-12(6-8-13)16(22,9-21-11-19-10-20-21)14-3-1-2-4-15(14)18/h1-8,10-11,22H,9H2",OC(Cn1cncn1)(c2ccc(F)cc2)c3ccccc3F
366,3554-44-0,Imazalil,CAT3a,CAT3b,,
367,88671-89-0,Myclobutanil,CAT3b,CAT3b,"InChI=1S/C15H17ClN4/c1-2-3-8-15(9-17,10-20-12-18-11-19-20)13-4-6-14(16)7-5-13/h4-7,11-12H,2-3,8,10H2,1H3",CCCCC(Cn1cncn1)(C#N)c2ccc(Cl)cc2
368,94-82-6,"2,4-dichlorophenoxybutyric acid = 2,4-DB",CAT1,CAT3b,"InChI=1S/C10H10Cl2O3/c11-7-3-4-9(8(12)6-7)15-5-1-2-10(13)14/h3-4,6H,1-2,5H2,(H,13,14)",OC(=O)CCCOc1ccc(Cl)cc1Cl
369,30560-19-1,Acephate,CAT2,CAT2,"InChI=1S/C4H10NO3PS/c1-4(6)5-9(7,8-2)10-3/h1-3H3,(H,5,6,7)",CO[P](=O)(NC(C)=O)SC
370,21725-46-2,Cyanazine,CAT2,CAT3b,"InChI=1S/C9H13ClN6/c1-4-12-7-13-6(10)14-8(15-7)16-9(2,3)5-11/h4H2,1-3H3,(H2,12,13,14,15,16)",CCNc1nc(Cl)nc(NC(C)(C)C#N)n1
371,79-44-7,Dimethyl carbamyl chloride,CAT3b,,InChI=1S/C3H6ClNO/c1-5(2)3(4)6/h1-2H3,CN(C)C(Cl)=O
372,682-80-4,Demefion,CAT3b,CAT3b,"InChI=1S/C5H13O3PS2/c1-6-9(10,7-2)8-4-5-11-3/h4-5H2,1-3H3",CO[P](=S)(OC)OCCSC
373,88-85-7,Dinoseb,CAT3b,CAT3b,"InChI=1S/C10H12N2O5/c1-3-6(2)8-4-7(11(14)15)5-9(10(8)13)12(16)17/h4-6,13H,3H2,1-2H3",CCC(C)c1cc(cc(c1O)[N+]([O-])=O)[N+]([O-])=O
374,69806-50-4,Fluazifop-butyl,CAT3b,CAT3b,"InChI=1S/C19H20F3NO4/c1-3-4-11-25-18(24)13(2)26-15-6-8-16(9-7-15)27-17-10-5-14(12-23-17)19(20,21)22/h5-10,12-13H,3-4,11H2,1-2H3",CCCCOC(=O)C(C)Oc1ccc(Oc2ccc(cn2)C(F)(F)F)cc1
375,2540-82-1,Formothion,CAT3b,,"InChI=1S/C6H12NO4PS2/c1-7(5-8)6(9)4-14-12(13,10-2)11-3/h5H,4H2,1-3H3",CO[P](=S)(OC)SCC(=O)N(C)C=O
376,2212-67-1,Molinate,CAT3b,CAT3b,"InChI=1S/C9H17NOS/c1-2-12-9(11)10-7-5-3-4-6-8-10/h2-8H2,1H3",CCSC(=O)N1CCCCCC1
377,1113-02-6,Omethoate,CAT1,CAT3b,"InChI=1S/C5H12NO4PS/c1-6-5(7)4-12-11(8,9-2)10-3/h4H2,1-3H3,(H,6,7)",CNC(=O)CS[P](=O)(OC)OC
378,301-12-2,Oxydemeton-methyl,CAT3a,CAT3b,"InChI=1S/C6H15O4PS2/c1-4-13(8)6-5-12-11(7,9-2)10-3/h4-6H2,1-3H3",CC[S](=O)CCS[P](=O)(OC)OC
379,7287-19-6,Prometryn,CAT2,CAT3b,"InChI=1S/C10H19N5S/c1-6(2)11-8-13-9(12-7(3)4)15-10(14-8)16-5/h6-7H,1-5H3,(H2,11,12,13,14,15)",CSc1nc(NC(C)C)nc(NC(C)C)n1
380,52-68-6,Trichlorfon = Dipterex,CAT2,CAT3b,"InChI=1S/C4H8Cl3O4P/c1-10-12(9,11-2)3(8)4(5,6)7/h3,8H,1-2H3",CO[P](=O)(OC)C(O)C(Cl)(Cl)Cl
381,90-43-7,o-phenylphenol,CAT2,CAT2,"InChI=1S/C12H10O/c13-12-9-5-4-8-11(12)10-6-2-1-3-7-10/h1-9,13H",Oc1ccccc1c2ccccc2
382,127-18-4,Perchloroethylene,CAT2,CAT3,InChI=1S/C2Cl4/c3-1(4)2(5)6,ClC(Cl)=C(Cl)Cl
383,68-12-2,Dimethylformamide (DMFA),CAT3b,CAT3b,"InChI=1S/C3H7NO/c1-4(2)3-5/h3H,1-2H3",CN(C)C=O
384,107-21-1,"Ethylene glycol (ethane-1,2-diol)",CAT3,CAT3,"InChI=1S/C2H6O2/c3-1-2-4/h3-4H,1-2H2",OCCO
385,59-50-7,4-chloro-3-methylphenol,CAT2,CAT3,"InChI=1S/C7H7ClO/c1-5-4-6(9)2-3-7(5)8/h2-4,9H,1H3",Cc1cc(O)ccc1Cl
386,1570-64-5,4-chloro-2-methylphenol,CAT2,CAT3,"InChI=1S/C7H7ClO/c1-5-4-6(8)2-3-7(5)9/h2-4,9H,1H3",Cc1cc(Cl)ccc1O
387,4376-20-9,Mono 2 ethyl hexylphthalate (MEHP),CAT1,CAT3b,"InChI=1S/C16H22O4/c1-3-5-8-12(4-2)11-20-16(19)14-10-7-6-9-13(14)15(17)18/h6-7,9-10,12H,3-5,8,11H2,1-2H3,(H,17,18)",CCCCC(CC)COC(=O)c1ccccc1C(O)=O
388,NoCAS 127,"2,4-6-trichlorobiphenyl",CAT1,CAT2,,
389,NoCAS 128,"3,4',5-trichlorobiphenyl",CAT1,CAT2,,
390,106-89-8,"Epichlorohydrin (1-chloro-2,3-epoxypropane)",CAT1,CAT3b,"InChI=1S/C3H5ClO/c4-1-3-2-5-3/h3H,1-2H2",ClCC1CO1
391,34256-82-1,Acetochlor,CAT1,CAT3,"InChI=1S/C14H20ClNO2/c1-4-12-8-6-7-11(3)14(12)16(10-18-5-2)13(17)9-15/h6-8H,4-5,9-10H2,1-3H3",CCOCN(C(=O)CCl)c1c(C)cccc1CC
392,314-40-9,Bromacil,CAT3a,CAT3b,"InChI=1S/C9H13BrN2O2/c1-4-5(2)12-8(13)7(10)6(3)11-9(12)14/h5H,4H2,1-3H3,(H,11,14)",CCC(C)N1C(=O)NC(=C(Br)C1=O)C
393,709-98-8,Propanil,CAT2,CAT3,"InChI=1S/C9H9Cl2NO/c1-2-9(13)12-6-3-4-7(10)8(11)5-6/h3-5H,2H2,1H3,(H,12,13)",CCC(=O)Nc1ccc(Cl)c(Cl)c1
394,70393-85-0,Glufosinate-ammonium,CAT3b,,"InChI=1S/3C3H8NO5P.2Na/c3*5-3(6)1-4-2-10(7,8)9;;/h3*4H,1-2H2,(H,5,6)(H2,7,8,9);;/q;;;2*+1/p-6",[Na+].[Na+].O[P]([O-])(=O)CNCC([O-])=O.O[P]([O-])(=O)CNCC([O-])=O.O[P]([O-])(=O)CNCC([O-])=O
395,1918-02-1,Picloram,CAT1,CAT3b,"InChI=1S/C6H3Cl3N2O2/c7-1-3(10)2(8)5(9)11-4(1)6(12)13/h(H2,10,11)(H,12,13)",Nc1c(Cl)c(Cl)nc(C(O)=O)c1Cl
396,29091-21-2,Prodiamine,CAT3b,CAT3b,"InChI=1S/C13H17F3N4O4/c1-3-5-18(6-4-2)11-9(19(21)22)7-8(13(14,15)16)10(17)12(11)20(23)24/h7H,3-6,17H2,1-2H3",CCCN(CCC)c1c(cc(c(N)c1[N+]([O-])=O)C(F)(F)F)[N+]([O-])=O
397,886-50-0,Terbutryn,CAT1,CAT3b,"InChI=1S/C10H19N5S/c1-6-11-7-12-8(15-10(2,3)4)14-9(13-7)16-5/h6H2,1-5H3,(H2,11,12,13,14,15)",CCNc1nc(NC(C)(C)C)nc(SC)n1
398,117718-60-2,Thiazopyr,CAT3b,CAT3b,"InChI=1S/C16H17F5N2O2S/c1-7(2)6-8-9(15(24)25-3)11(13(17)18)23-12(16(19,20)21)10(8)14-22-4-5-26-14/h7,13H,4-6H2,1-3H3",COC(=O)c1c(CC(C)C)c(C2=NCCS2)c(nc1C(F)F)C(F)(F)F
399,12002-48-1,Trichlorobenzene,CAT1,CAT3b,InChI=1S/C6H3Cl3/c7-4-2-1-3-5(8)6(4)9/h1-3H,Clc1cccc(Cl)c1Cl
400,2593-15-9,Etridiazole,CAT2,CAT3b,"InChI=1S/C5H5Cl3N2OS/c1-2-11-4-9-3(10-12-4)5(6,7)8/h2H2,1H3",CCOc1snc(n1)C(Cl)(Cl)Cl
401,142-59-6,Nabam,CAT3b,CAT3b,"InChI=1S/C4H8N2S4.2Na/c7-3(8)5-1-2-6-4(9)10;;/h1-2H2,(H2,5,7,8)(H2,6,9,10);;/q;2*+1/p-2",[Na+].[Na+].[S-]C(=S)NCCNC([S-])=S
402,25550-58-7,Dinitrophenol,CAT3b,,,
403,80844-07-1,Ethofenprox,CAT3b,CAT3b,"InChI=1S/C25H28O3/c1-4-27-22-15-13-21(14-16-22)25(2,3)19-26-18-20-9-8-12-24(17-20)28-23-10-6-5-7-11-23/h5-17H,4,18-19H2,1-3H3",CCOc1ccc(cc1)C(C)(C)COCc2cccc(Oc3ccccc3)c2
404,120068-37-3,Fipronil,CAT3b,CAT3b,"InChI=1S/C12H4Cl2F6N4OS/c13-5-1-4(11(15,16)17)2-6(14)8(5)24-10(22)9(7(3-21)23-24)26(25)12(18,19)20/h1-2H,22H2",Nc1n(nc(C#N)c1[S](=O)C(F)(F)F)c2c(Cl)cc(cc2Cl)C(F)(F)F
405,39801-14-4,Photomirex,CAT2,CAT3,"InChI=1S/C10HCl11/c11-2-1-3(12)5(14)4(1,13)10(20,21)7(2,16)8(5,17)6(2,15)9(3,18)19/h1H",ClC1(Cl)C2(Cl)C3C4(Cl)C(Cl)(Cl)C5(Cl)C3(Cl)C1(Cl)C5(Cl)C24Cl
406,299-84-3,Ronnel = fenchlorfos,CAT3a,CAT3b,"InChI=1S/C8H8Cl3O3PS/c1-12-15(16,13-2)14-8-4-6(10)5(9)3-7(8)11/h3-4H,1-2H3",CO[P](=S)(OC)Oc1cc(Cl)c(Cl)cc1Cl
407,608-93-5,Pentachlorobenzene,CAT1,CAT3b,InChI=1S/C6HCl5/c7-2-1-3(8)5(10)6(11)4(2)9/h1H,Clc1cc(Cl)c(Cl)c(Cl)c1Cl
408,51-03-6,Piperonyl butoxide,CAT3b,CAT2,"InChI=1S/C19H30O5/c1-3-5-7-20-8-9-21-10-11-22-14-17-13-19-18(23-15-24-19)12-16(17)6-4-2/h12-13H,3-11,14-15H2,1-2H3",CCCCOCCOCCOCc1cc2OCOc2cc1CCC
409,7429-90-5,Aluminum,CAT3,CAT3,InChI=1S/Al,[Al]
410,75-15-0,Carbon disulphide,CAT2,CAT3,InChI=1S/CS2/c2-1-3,S=C=S
411,533-73-3,Hydroxyhydroquinone,CAT3b,,"InChI=1S/C6H6O3/c7-4-1-2-5(8)6(9)3-4/h1-3,7-9H",Oc1ccc(O)c(O)c1
412,84-69-5,Diisobutylphthalate,CAT2,CAT3b,"InChI=1S/C16H22O4/c1-11(2)9-19-15(17)13-7-5-6-8-14(13)16(18)20-10-12(3)4/h5-8,11-12H,9-10H2,1-4H3",CC(C)COC(=O)c1ccccc1C(=O)OCC(C)C
413,490-79-9,"2,5-dihydroxybenzoicacid (2,5-DHBA)",CAT3b,,"InChI=1S/C7H6O4/c8-4-1-2-6(9)5(3-4)7(10)11/h1-3,8-9H,(H,10,11)",OC(=O)c1cc(O)ccc1O
414,303-38-8,"2,3-dihydroxybenzoicacid (2,3-DHBA)",CAT3b,,"InChI=1S/C7H6O4/c8-5-3-1-2-4(6(5)9)7(10)11/h1-3,8-9H,(H,10,11)",OC(=O)c1cccc(O)c1O
415,108-46-3,Resorcinol,CAT1,CAT3,"InChI=1S/C6H6O2/c7-5-2-1-3-6(8)4-5/h1-4,7-8H",Oc1cccc(O)c1
416,463-56-9,Thiocyanate,CAT3b,,InChI=1S/CHNS/c2-1-3/h3H,SC#N
417,108-05-4,Vinyl acetate,CAT3b,CAT3b,"InChI=1S/C4H6O2/c1-3-6-4(2)5/h3H,1H2,2H3",CC(=O)OC=C
418,53-96-3,n-2-fluorenylacetamide,CAT3b,,"InChI=1S/C15H13NO/c1-10(17)16-13-6-7-15-12(9-13)8-11-4-2-3-5-14(11)15/h2-7,9H,8H2,1H3,(H,16,17)",CC(=O)Nc1ccc2c(Cc3ccccc23)c1
419,556-67-2,Cyclotetrasiloxane,CAT1,CAT3b,"InChI=1S/C8H24O4Si4/c1-13(2)9-14(3,4)11-16(7,8)12-15(5,6)10-13/h1-8H3",C[Si]1(C)O[Si](C)(C)O[Si](C)(C)O[Si](C)(C)O1
420,81-14-1,"1-tert-Butyl-3,5-dimethyl-2,6-dinitro-4-acetylbenzene",CAT3a,CAT3b,"InChI=1S/C14H18N2O5/c1-7-10(9(3)17)8(2)13(16(20)21)11(14(4,5)6)12(7)15(18)19/h1-6H3",CC(=O)c1c(C)c(c(c(c1C)[N+]([O-])=O)C(C)(C)C)[N+]([O-])=O
421,1222-05-5,"1,3,4,6,7,8-Hexahydro-4,6,6,7,8,8-hexamethylcyclopenta(g)-2-benzopyrane",CAT3b,CAT3b,"InChI=1S/C18H26O/c1-11-9-19-10-13-7-15-16(8-14(11)13)18(5,6)12(2)17(15,3)4/h7-8,11-12H,9-10H2,1-6H3",CC1COCc2cc3c(cc12)C(C)(C)C(C)C3(C)C
422,13171-00-1,"4-Acetyl-1,1-dimethyl-6-tert.-butylindane",CAT3b,,"InChI=1S/C17H24O/c1-11(18)14-9-12(16(2,3)4)10-15-13(14)7-8-17(15,5)6/h9-10H,7-8H2,1-6H3",CC(=O)c1cc(cc2c1CCC2(C)C)C(C)(C)C
423,33704-61-9,"6,7-dihydro-1,1,2,3,3-pentamethyl-4(5H)indanone",CAT3b,CAT3b,"InChI=1S/C14H22O/c1-9-13(2,3)10-7-6-8-11(15)12(10)14(9,4)5/h9H,6-8H2,1-5H3",CC1C(C)(C)C2=C(C(=O)CCC2)C1(C)C
424,5466-77-3,2-ethyl-hexyl-4-methoxycinnamate,CAT1,CAT1,"InChI=1S/C18H26O3/c1-4-6-7-15(5-2)14-21-18(19)13-10-16-8-11-17(20-3)12-9-16/h8-13,15H,4-7,14H2,1-3H3/b13-10+",CCCCC(CC)COC(=O)/C=C/c1ccc(OC)cc1
425,118-56-9,"3,3,5-trimethyl-cyclohexyl salicilate",CAT3b,CAT3b,"InChI=1S/C16H22O3/c1-11-8-12(10-16(2,3)9-11)19-15(18)13-6-4-5-7-14(13)17/h4-7,11-12,17H,8-10H2,1-3H3",CC1CC(CC(C)(C)C1)OC(=O)c2ccccc2O
426,21245-02-3,2-ethyl-hexyl-4-dimethyl-aminobenzoate,CAT3b,CAT3b,"InChI=1S/C17H27NO2/c1-5-7-8-14(6-2)13-20-17(19)15-9-11-16(12-10-15)18(3)4/h9-12,14H,5-8,13H2,1-4H3",CCCCC(CC)COC(=O)c1ccc(cc1)N(C)C
427,36861-47-9,3-(4-Methylbenzylidene)camphor,CAT1,CAT3a,"InChI=1S/C18H22O/c1-12-5-7-13(8-6-12)11-14-15-9-10-18(4,16(14)19)17(15,2)3/h5-8,11,15H,9-10H2,1-4H3/b14-11+",Cc1ccc(cc1)\C=C2/C3CCC(C)(C2=O)C3(C)C
428,131-57-7,2-hydroxy-4-methoxy-benzophenone,CAT2,CAT2,"InChI=1S/C14H12O3/c1-17-11-7-8-12(13(15)9-11)14(16)10-5-3-2-4-6-10/h2-9,15H,1H3",COc1ccc(c(O)c1)C(=O)c2ccccc2
429,99-96-7,p-Hydroxybenzoic acid,CAT1,CAT3b,"InChI=1S/C7H6O3/c8-6-3-1-5(2-4-6)7(9)10/h1-4,8H,(H,9,10)",OC(=O)c1ccc(O)cc1
430,99-76-3,Methyl p-Hydroxybenzoate,CAT1,CAT3b,"InChI=1S/C8H8O3/c1-11-8(10)6-2-4-7(9)5-3-6/h2-5,9H,1H3",COC(=O)c1ccc(O)cc1
431,120-47-8,ethyl 4-hydroxybenzoate,CAT1,CAT1,"InChI=1S/C9H10O3/c1-2-12-9(11)7-3-5-8(10)6-4-7/h3-6,10H,2H2,1H3",CCOC(=O)c1ccc(O)cc1
432,94-13-3,n-propyl p-hydroxybenzoate,CAT1,CAT1,"InChI=1S/C10H12O3/c1-2-7-13-10(12)8-3-5-9(11)6-4-8/h3-6,11H,2,7H2,1H3",CCCOC(=O)c1ccc(O)cc1
433,94-26-8,n-Butyl p-Hydroxybenzoate,CAT1,CAT1,"InChI=1S/C11H14O3/c1-2-3-8-14-11(13)9-4-6-10(12)7-5-9/h4-7,12H,2-3,8H2,1H3",CCCCOC(=O)c1ccc(O)cc1
434,15087-24-8,3-Benzylidene camphor (3-BC),CAT1,CAT1,"InChI=1S/C17H20O/c1-16(2)14-9-10-17(16,3)15(18)13(14)11-12-7-5-4-6-8-12/h4-8,11,14H,9-10H2,1-3H3/b13-11+",CC1(C)C\2CCC1(C)C(=O)C2=C/c3ccccc3
435,131-55-5,"Benzophenone-2 (Bp-2), 2,2',4,4'-tetrahydroxybenzophenone",CAT1,CAT1,"InChI=1S/C13H10O5/c14-7-1-3-9(11(16)5-7)13(18)10-4-2-8(15)6-12(10)17/h1-6,14-17H",Oc1ccc(c(O)c1)C(=O)c2ccc(O)cc2O
436,10043-35-3,Boric acid,CAT1,CAT2,InChI=1S/BH3O3/c2-1(3)4/h2-4H,OB(O)O
437,100-02-7,4-nitrophenol,CAT2,CAT3b,"InChI=1S/C6H5NO3/c8-6-3-1-5(2-4-6)7(9)10/h1-4,8H",Oc1ccc(cc1)[N+]([O-])=O
438,2581-34-2,3-methyl-4-nitrophenol,CAT2,CAT3b,"InChI=1S/C7H7NO3/c1-5-4-6(9)2-3-7(5)8(10)11/h2-4,9H,1H3",Cc1cc(O)ccc1[N+]([O-])=O
439,106-44-5,p-cresol,CAT2,CAT3b,"InChI=1S/C7H8O/c1-6-2-4-7(8)5-3-6/h2-5,8H,1H3",Cc1ccc(O)cc1
