"Smiles","CSCL-ISHL—S9_AMES","CSCL-ISHL+S9_AMES","CSCL-ISHLoverall_AMES","Kirkland et al 2005 & 2011 [1, 2]*_AMES","US NTP_AMES","ECHA_AMES","Kirkland et al 2005 & 2011 [1, 2]*MLA_invitro","US NTP_MLA_invitro","SCCS_MLA_invitro","CosE_MLA_invitro","ECHA_MLA_invitro","Kirkland et al 2005 & 2011 [1, 2]*_MN_invitro","SCCS_MN_invitro","CosE_MN_invitro","CSCL-ISHL—S9_CA_invitro","CSCL-ISHL+S9_CA_invitro","Kirkland et al 2005 & 2011 [1, 2]*_CA_invitro","US NTP_CA_invitro","EFSA_CA_invitro","SCCS_CA_invitro","CosE_CA_invitro","ECHA_CA_invitro","CSCL-ISHL_MN_invivo","Kirkland et al 2005 & 2011 [1, 2]*_MN_invivo","US NTP_MN_invivo","EFSA_MN_invivo","SCCS_MN_invivo","CosE_MN_invivo","ECHA_MN_invivo","Kirkland et al 2005 & 2011 [1, 2]*_CA_invivo","US NTP_CA_invivo","Kirkland et al 2005 & 2011 [1, 2]*_UDS_invivo","Kirkland et al 2005 & 2011 [1, 2]*-transgenic","Kirkland et al 2005 & 2011 [1, 2]*_DNAdmg_invivo","Kirkland et al 2005 & 2011 [1, 2]*_Carc","NTP_Carc","EFSA_Carc","ECHA_Carc"
"CCOCN(C(=O)CCl)c1c(C)cccc1CC",,,,,,,,,,,,,,,,,,,1,,,,,,,,,,,,,,,,,,1,
"CC(=O)Nc1cccc2Cc3ccccc3c12",,,,1,,,,,,,,0,,,,,0,,,,,,,,,,,,,0,,,1,,,,,
"CC(=O)ON(C(C)=O)c1ccc2c(Cc3ccccc23)c1",,,,1,,,1,,,,,,,,,,1,,,,,,,,,,,,,,,,,,1,,,
"CC(=O)OC(C=C)c1ccc2OCOc2c1",,,,1,,,,,,,,,,,,,,,,,,,,,,,,,,,,,,,1,,,
"CC(=O)Nc1ccc2c(Cc3ccccc23)c1",,,,1,1,,1,1,,,,1,,,,,1,1,,,,,,1,,,,,,1,1,1,1,1,1,,,
"CC(=O)NNc1ccccc1",,,,1,,,,,,,,,,,,,,,,,,,,,,,,,,,,,,,1,,,
"[NH4+].[NH4+].CCN(Cc1cccc(c1)[S]([O-])(=O)=O)c2ccc(cc2)[C+](c3ccc(cc3)N(CC)Cc4cccc(c4)[S]([O-])(=O)=O)c5ccccc5[S]([O-])(=O)=O",,,,1,,,0,,,,,,,,,,1,,,,,,,,,,,,,,,1,,,,,,
"C=CC=O",,,,1,,,,,,,,,,,,,0,0,,,,,,,0,,,,,,,,,,0,,,
"C=CC#N",,,,1,1,,1,1,,,,,,,,,1,1,,,,,,,0,,,,,0,,0,0,1,1,1,,
"COc1cccc2C(=O)c3c(O)c4C[C@](O)(C[C@H](O[C@H]5C[C@H](N)[C@H](O)[C@H](C)O5)c4c(O)c3C(=O)c12)C(=O)CO",,,,1,,,1,,,,,1,,,,,1,,,,,,,1,1,,,,,1,,,,,,,,
"COc1cc2O[C@H]3OC=C[C@H]3c2c4OC(=O)C5=C(CC[C@@H]5O)c14",,,,1,,,,,,,,,,,,,,,,,,,,,,,,,,,,,,,1,,,
"COc1cc2OC3OC=CC3c2c4OC(=O)C5=C(CCC5=O)c14",,,,1,,,,,,,,1,,,,,1,,,,,,,1,,,,,,1,,,1,0,1,,,
"NC(CCC(=O)NNc1ccc(CO)cc1)C(O)=O",,,,1,,,0,,,,,,,,,,0,,,,,,,,,,,,,,,,1,,,,,
"ClCC=C",1,1,1,,,,,,,,,,,,1,1,,,,,,,0,,,,,,,,,,,,,,,
"C=CCOCC1CO1",,,,1,1,,,,,,,,,,,,1,1,,,,,,,1,,,,,,,,,,1,1,,
"C=CCN=C=S",,,,,,,,1,,,,,,,,,1,1,,,,,,,0,,,,,,,0,,,1,1,,
"Nc1ccc2cc3ccccc3cc2c1",,,,1,,,1,,,,,1,,,,,,,,,,,,,,,,,,,,,,,1,,,
"Nc1cccc2C(=O)c3ccccc3C(=O)c12",0,1,1,,,,,,,,,,,,0,0,,,,,,,0,,,,,,,,,,,,,,,
"Nc1ccc2C(=O)c3ccccc3C(=O)c2c1",,,,1,1,,1,,,,,,,,,,,1,,,,,,,,,,,,,,,,,1,1,,
"Nc1ccc(cc1)N=Nc2ccccc2",,,,1,,,,,,,,,,,,,,,,,,,,1,,,,,,,,,,1,1,,,
"Nc1ccc(cc1)c2ccccc2",,,,1,1,,1,,,,,,,,,,1,1,,,,,,1,1,,,,,1,,1,1,,1,,,
"Nc1ccc(cc1)c2ccc(Cl)cc2",,,,1,,,,,,,,,,,,,,,,,,,,,,,,,,1,,,,,,,,
"Nc1cc(Cl)ccc1O",0,1,1,,1,,,,,,,,,,1,1,,,,,,,,,,,,,,,,,,,,,,
"Nc1ccc(cc1)\C=C\c2ccc(Cl)cc2",,,,1,,,,,,,,,,,,,,,,,,,,,,,,,,1,,,,,,,,
"Cc1ccc(N)c(O)c1",,,,,,,,,1,1,,,1,1,,,,,,,,,,,,,1,1,,,,,,,,,,
"Nc1c(Br)cc(Br)c2C(=O)c3ccccc3C(=O)c12",,,,1,1,,0,,,,,,,,,,0,1,,,,,,,,,,,,,,,,,1,1,,
"Cn1c(N)nc2c3cccnc3cc(C)c12",,,,1,,,,,,,,1,,,,,1,,,,,,,,,,,,,1,,,1,1,1,,,
"Cn1c(N)nc2c1ccc3ncc(C)nc23",,,,1,,,,,,,,1,,,,,,,,,,,,0,,,,,,1,,,1,1,1,,,
"CC(O)=O.Cc1nc(N)c(C)c2[nH]c3ccccc3c12",,,,1,,,,,,,,,,,,,1,,,,,,,,,,,,,1,,,,,1,,,
"Nc1ccc2nc3ccccn3c2n1",,,,1,,,,,,,,,,,,,1,,,,,,,,,,,,,0,,,,,1,,,
"CCOc1ccc(NC(C)=O)cc1N",,,,1,1,,,,,,,,,,,,0,0,,,,,,,,,,,,,,,,,1,1,,
"NCCNCCO",0,1,1,,,,,,,,,,,,1,0,,,,,,,0,,,,,,,,,,,,,,,
"Nc1ccc2c(Cc3ccccc23)c1",,,,1,,,1,,,,,1,,,,,,,,,,,,,,,,,,1,,,,,1,,,
"Cc1ccccc1c2ccc(N)cc2",,,,1,,,,,,,,,,,,,,,,,,,,,,,,,,1,,,,,,,,
"Cc1cccn2c1nc3ccc(N)nc23",,,,1,,,,,,,,,,,,,1,,,,,,,,,,,,,1,,,,,1,,,
"[H+].[Br-].Cn1c(N)nc2c1ccc3ncccc23",,,,1,,,,,,,,1,,,,,,,,,,,,0,,,,,,,,,1,1,1,,,
"Cn1c(N)nc2ncc(cc12)c3ccccc3",,,,1,,,,,,,,1,,,,,1,,,,,,,,,,,,,0,,1,1,,1,,,
"Cc1nc(N)cc2[nH]c3ccccc3c12",,,,1,,,,,,,,,,,,,1,,,,,,,,,,,,,,,,,1,1,,,
"Nc1ccc(cc1)c2ccc(cc2)[N+]([O-])=O",,,,1,,,,,,,,,,,,,,,,,,,,,,,,,,1,,,,,,,,
"Nc1scc(n1)c2oc(cc2)[N+]([O-])=O",,,,1,,,,,,,,,,,,,,,,,,,,,,,,,,,,,,,1,,,
"Nc1cc(ccc1O)[N+]([O-])=O",,,,1,1,,1,1,,,,,,,,,1,1,,,,,,0,0,,,,,,,,,,1,1,,
"Nc1ccc(cc1O)[N+]([O-])=O",,,,1,1,,,1,,,,,,,,,1,1,,,,,,,,,,,,,,,,,1,1,,
"Nc1ccc(O)c(c1)[N+]([O-])=O",,,,1,1,,1,1,,,,,,,,,1,1,,,,,,,,,,,,,,,,,1,1,,
"Nc1ccc(O)cc1[N+]([O-])=O",,,,,,,,,0,0,,,,1,,,,,,1,1,,,,,,0,0,,,,,,,,,,
"Nc1ccc(cc1)/C=C/c2ccc(cc2)[N+]([O-])=O",,,,1,,,,,,,,,,,,,,,,,,,,,,,,,,1,,,,,,,,
"Nc1sc(cn1)[N+]([O-])=O",,,,1,1,,1,1,,,,,,,,,1,1,,,,,,,,,,,,,,,,,1,1,,
"Nc1ccc(O)cc1",,,,1,0,,1,,,,,,,,,,1,,,1,,,,1,,,1,,,,,,,,1,,,
"[Cl-].[NH3+]c1cccc(O)c1",,,,,1,,,,0,0,,,1,1,,,,,,1,1,,,,,,0,0,,,,,,,,,,
"Nc1ccc(cc1)n2c3ccccc3c4ccncc24",,,,1,,,,,,,,,,,,,,,,,,,,,,,,,,,,,1,,1,,,
"Nc1ccc2c([nH]c3ccccc23)n1",,,,1,,,,,,,,,,,,,1,,,,,,,,,,,,,,,,1,,1,,,
"Nc1ccc(cc1)\C=C\c2ccccc2",,,,1,,,,,,,,,,,,,1,,,,,,,,,,,,,1,,,,,,,,
"CCN(CC)Cc1cc(Nc2ccnc3cc(Cl)ccc23)ccc1O",,,,1,,,,,,,,,,,,,,,,,,,,,,,,,,1,,,,,,,,
"O[P](O)(=O)CNCc1cc(cc2NC(=O)C(=O)Nc12)[N+]([O-])=O",,,,,,,,,,,,,,,,,,,,,,,,,,,,,,,,,,,,,,
"CC(N)Cc1ccccc1",,,,,,,,,,,,,,,,,,0,,,,,,1,,,,,,,,,,,,0,,
"COc1cc(N[S](C)(=O)=O)ccc1Nc2c3ccccc3nc4ccccc24",,,,1,,,1,,,,,1,,,,,1,,,,,,,1,,,,,,1,,,,,,,,
"COc1ccccc1N",,,,1,1,,1,,,,,,,,,,,1,,,,,,0,0,,,,,,,0,1,1,1,1,,
"COc1ccc(N)cc1",,,,1,1,,,1,,,,,,,,,,1,,,,,,,,,,,,,,,,,0,,,
"COc1cccc(N)c1",0,1,1,,1,,,,,,,,,,1,0,,1,,,,,1,,,,,,,,,,,,,,,
"O=C1c2ccccc2C(=O)c3ccccc13",,,,,1,,,,,,,,,,,,,,,,,,,,1,,,,,,,,,,,1,,
"COc1cccc2c1cc(c3c(cc4OCOc4c23)C(O)=O)[N+]([O-])=O",,,,1,,,,,,,,,,,,,,,,,,,,,,,,,,,,,1,1,1,,,
"OCC(O)C1OC(=C(O)C1=O)O",,,,,,,,,,,,1,,,,,,0,,,,,,,1,,,,,1,1,,,0,,0,,
"[H+].[Cl-].CN(C)c1ccc(cc1)C(=N)c2ccc(cc2)N(C)C",,,,1,,,,,,,,,,,,,1,,,,,,,,,,,,,,,,,1,1,,,
"c1ccc2c(c1)cc3ccc4ccnc5ccc2c3c45",,,,1,,,,,,,,,,,,,1,,,,,,,,,,,,,,,,1,,,,,
"NC1=NC(=O)N(C=N1)[C@@H]2O[C@H](CO)[C@@H](O)[C@H]2O",,,,1,1,,1,1,,,,,,,,,1,1,,,,,,1,1,,,,,,,,,,1,1,,
"NC(COC(=O)C=[N+]=[N-])C(O)=O",,,,1,,,,,,,,,,,,,,,,,,,,1,,,,,,,,1,,,1,,,
"Cn1cnc(c1Sc2ncnc3nc[nH]c23)[N+]([O-])=O",,,,1,,,,,,,,,,,,,1,,,,,,,1,,,,,,1,,,1,,1,,,
"CC1=CN([C@H]2C[C@H](N=[N+]=[N-])[C@@H](CO)O2)C(=O)NC1=O",1,,,,1,,,,,,,,,,,,,0,,,,,,1,1,,,,,,,,,,,1,,
"c1ccc(cc1)N=Nc2ccccc2",,,,1,1,,,,,,,,,,,,,0,,,,,,,,,,,,,,,,,1,1,,
"NC(=O)N=NC(N)=O",1,1,,,,1,,,,,0,,,,0,1,,,,,1,1,,,,,,0,0,,,,,,,,,
"CO[P](=S)(OC)SCN1N=Nc2ccccc2C1=O",,,,1,,,,,,,,,,,,,,1,,,,,,,,,,,,,,,,,0,,,
"O=[N+]([N-]c1ccccc1)c2ccccc2",,,,1,,,,,,,,,,,,,,,,,,,,,,,,,,,,,,,,,,
"C[N-][N+](C)=O",,,,1,,,,,,,,,,,,,,,,,,,,,,,,,,,,1,,,1,,,
"[Cl-].C[N+](C)(C)c1ccc2C=CC(=O)C(=N/Nc3ccc(N)c(c3)[N+]([O-])=O)\c2c1",,,,,,,,,,,,,0,0,,,,,,,1,,,,,,0,0,,,,,,,,,,
"[Cl-].Cn1cc[n+](C)c1N=Nc2ccc(N)cc2",,,,,,,,,0,,,,,,,,,,,0,,,,,,,0,,,,,,,,,,,
"[Cl-].CN(C)c1ccc(cc1)N=Nc2n(C)cc[n+]2C",,,,,,,,,0,,,,,,,,,,,0,,,,,,,0,,,,,,,,,,,
"CC(C)(C)C(=O)C(Oc1ccc(Cl)cc1)n2cncn2",,,,,,,,,,,,,,,,,,,,,,,,,,,,,,1,,,,,,,,
"c1ccc2cc3c(ccc4ccccc34)cc2c1",,,,1,1,,,1,,,,,,,,,,,,,,,,,,,,,,0,,,,,1,,,
"Nc1ccc(cc1)c2ccc(N)cc2",,,,1,1,,1,1,,,,1,,,,,1,1,,,,,,1,1,,,,,,1,1,,,1,,,
"NC(=O)Nc1[nH]c2ccccc2n1",,,,1,,,,,,,,,,,,,,,,,,,,1,,,,,,,,,,,,,,
"[O-][N+](=O)c1nccn1CC(=O)NCc2ccccc2",,,,1,,,,,,,,1,,,,,1,,,,,,,,,,,,,0,,,,,,,,
"c1ccc2c(c1)cc3ccc4cccc5ccc2c3c45",,,,1,1,,1,1,,,,1,,,,,1,1,,,,,,1,,,,,,,1,,1,,1,,,
"OC1C2OC2c3c(cc4ccc5cccc6ccc3c4c56)C1O",,,,1,,,1,,,,,1,,,,,,,,,,,,,,,,,,,,,1,,,,,
"[nH]1nc2ccccc2n1",,,,1,,,,,,,,,,,,,1,1,,,,,,0,,,,,,,,,,,0,,,
"c1ccc2c(c1)ccc3ncccc23",,,,1,,,,,,,,1,,,,,1,,,,,,,,,,,,,,,,1,,,,,
"c1ccc2c(c1)ccc3cccnc23",,,,1,,,1,,,,,,,,,,1,,,,,,,,,,,,,,,,1,,,,,
"O=C1C=CC(=O)C=C1",,,,,0,,,,,,,,,,,,,,,,,,,,,,,,,,,,,,,,,
"ClC(Cl)(Cl)c1ccccc1",,,,1,,,,,,,,,,,,,,,,,,,,,,,,,,,,,,,1,,,
"ClCc1ccccc1",1,1,1,1,1,,1,1,,,,1,,,1,1,1,1,,,,,0,0,,,,,,,,,,,1,1,,
"C(OCc1ccccc1)[C@H]2CO2",,,,1,,,,,,,,,,,,,,,,,,,,,,,,,,1,,,,,,,,
"Nc1ccccc1c2ccccc2",,,,1,1,,,1,,,,,,,,,1,1,,,,,,,0,,,,,,,,,,1,1,,
"OCC(CO)(CBr)CBr",,,,1,1,,,,,,,,,,,,1,1,,,,,,,,,,,,,,,,,1,1,,
"CC(CCl)OC(C)CCl",,,,1,1,,1,1,,,,,,,,,1,1,,,,,,,,,,,,,,0,,,1,1,,
"ClCCOCOCCCl",,,,,1,,,,,,,,,,,,,,,,,,,,0,,,,0,,,,,,,0,,
"ClCCOCCCl",,,,1,,,,,,,,,,,,,,,,,,,,,,,,,,,,,,,1,,,
"ClCOCCl",,,,,,,,,,,,,,,,,,,,,,,,,,,,,,,,,,,,,,
"[Mg++].OCC(Br)CBr.O[P]([O-])([O-])=O",,,,1,,,,,,,,,,,,,1,,,,,,,,,,,,,,,,,,1,,,
"CN(C)c1ccc(cc1)C(=O)c2ccc(cc2)N(C)C",,,,1,1,,1,1,,,,,,,,,,1,,,,,,,,,,,,,,1,,,1,1,,
"Nc1ccc(cc1)N(CCO)CCO.O[S](O)(=O)=O",,,,,,,,,0,0,,,,1,,,,,,1,1,,,,,,0,0,,,,,,,,,,
"OCCNc1ccc(NCCO)c(c1)[N+]([O-])=O",,,,,,,,,0,,,,1,,,,,,,,,,,,,,0,,,,,,,,,,,
"CC(O)C(NC(=O)C(C)C(O)C(C)NC(=O)C(NC(=O)c1nc(nc(N)c1C)C(CC(N)=O)NCC(N)C(N)=O)C(O[C@@H]2O[C@@H](CO)[C@@H](O)[C@H](O)[C@@H]2O[C@H]3O[C@H](CO)[C@@H](O)[C@H](OC(N)=O)[C@@H]3O)c4[nH]cnc4)C(=O)NCCc5scc(n5)c6scc(n6)C(=O)NCCC[S+](C)C.O[S]([O-])(=O)=O",,,,1,,,1,,,,,1,,,,,1,,,,,,,1,,,,,,1,,,1,1,1,,,
"[Na+].CCN(CC)c1ccc(cc1)[C+](c2ccc(cc2)N(CC)CC)c3ccc(cc3[S]([O-])(=O)=O)[S]([O-])(=O)=O",,,,1,,,,,,,,,,,,,,,,,,,,1,,,,,,,,,,,,,,
"[K+].[O-][Br](=O)=O",,,,1,,,,,,,,1,,,,,1,,,,,,,1,,,,,,,,,,1,1,,,
"OC(=O)C(Cl)Br",,,,,1,,,,,,,,,,,,,,,,,,,,0,,,,,,,,,,,1,,
"ClCCCBr",1,1,1,,,,,,,,,,,,1,1,,,,,,,,,,,,,,,,,,,,,,
"ClC(Cl)Br",,,,,0,,,1,,,,,,,,,,0,,,,,,,0,,,,,,,,,,,1,,
"CCBr",,,,1,1,,,,,,,,,,,,0,0,,,,,,,,,,,,,,,,,1,1,,
"OCCBr",,,,1,,,,,,,,,,,,,,,,,,,,,,,,,,,,,,,1,,,
"Cc1c2ccccc2c(CBr)c3ccc4ccccc4c13",,,,1,1,,1,1,,,,,,,,,,,,,,,,,,,,,,,,,,,1,,,
"CN(C)N=Nc1ccc(Br)cc1",,,,1,,,,,,,,,,,,,1,,,,,,,1,,,,,,,,,,,,,,
"CCCBr",,,,,0,,,,,,,,,,,,,,,,,,,,0,,,,,,,,,,,1,,1
"CC(C)Br",1,1,1,,1,,,,,,,,,,1,1,,,,,,,0,,,,,,,,,,,,,,,
"CC(NC(C)(C)C)C(=O)c1cccc(Cl)c1",,,,1,,,,,,,,,,,,,,,,,,,,,,,,,,1,,,,,,,,
"C=CC=C",,,,1,1,,,0,,,,,,,,,,,,,,,,1,1,,,,,1,1,0,1,0,1,1,,
"C=CC1CO1",,,,,,,,,,,,0,,,,,0,,,,,,,1,,,,,,1,,,1,1,,,,
"CCCCOCC1CO1",,,,1,,,1,,,,,,,,,,,,,,,,,1,,,,,,,,,,,,,,
"CCCCN(CCCCO)N=O",,,,1,,,,,,,,,,,,,,,,,,,,,,,,,,,,,,,1,,,
"CCCCN(N=O)C(N)=O",,,,1,,,,,,,,,,,,,1,,,,,,,,,,,,,,,,,,1,,,
"CC1CC(=O)O1",,,,1,,,,,,,,,,,,,,,,,,,,1,,,,,,,,,,,1,,,
"C[S](=O)(=O)OCCCCO[S](C)(=O)=O",,,,1,1,,1,1,,,,1,,,,,1,,,,,,,1,1,,,,,1,,,,,,,,
"[Cl-].[Cl-].[Cd++]",,,,1,0,,,1,,,,1,,,,,1,1,,,,,,1,1,,,,,1,,,,,1,,,
"[Ca++].[O-][Cr]([O-])(=O)=O",,,,1,,,1,1,,,,,,,,,1,0,,,,,,0,,,,,,,,,,,1,,,
"[Ca++].NC#N",,,,1,,,1,0,,,,,,,,,0,0,,,,,,,,,,,,,,,,,0,0,,
"COc1cc(CNC(=O)CCCC\C=C\C(C)C)ccc1O",,,,1,0,,,,,,,,,,,,,,,,,,,0,,,,,,,,,,,1,,,
"ClC(Cl)C(Cl)(Cl)SN1C(=O)C2CC=CCC2C1=O",,,,1,,,,,,,,,,,,,1,,,,,,,,,,,,,,,,,,1,,,
"ClC(Cl)(Cl)SN1C(=O)C2CC=CCC2C1=O",,,,1,1,,1,,,,,,,,,,1,1,,,,,,1,,,,,,,,,,,1,1,,
"COC(=O)N=NC=C1C=[N+]([O-])c2ccccc2N1O",,,,1,,,,,,,,,,,,,1,,,,,,,1,,,,,,1,,,,,,,,
"CNC(=O)Oc1cccc2ccccc12",,,,1,,,,,,,,,,,,,,,,,,,,,,,,,,,,,,,1,,,
"COC(=O)Nc1[nH]c2ccccc2n1",,,,,1,,1,,,,,1,,,,,,,0,,,,,1,,1,,,,,,,,,,,1,
"ClCCNC(=O)N(CCCl)N=O",,,,1,,,1,,,,,1,,,,,,,,,,,,1,,,,,,,,,,,,,,
"[Cl-].[Cs+]",,,,,,,,,,,,0,,,,,,,,,,,,,,,,,,1,,,,,,,,
"OC(O)C(Cl)(Cl)Cl",,,,1,1,,1,,,,,1,,,,,1,1,,,,,,0,0,,,,,,,,,,1,1,,
"Nc1cc(Cl)cc(C(O)=O)c1Cl",,,,1,1,,,,,,,,,,,,1,1,,,,,,,,,,,,,,,,,1,1,,
"OC(=O)CCCc1ccc(cc1)N(CCCl)CCCl",,,,1,1,,,,,,,,,,,,1,1,,,,,,1,1,,,,,1,,,1,,1,,,
"ClC1CC2C(C1Cl)C3(Cl)C(=C(Cl)C2(Cl)C3(Cl)Cl)Cl",,,,1,1,,1,1,,,,,,,,,,,,,,,,,,,,,,,,,,,1,,,
"ClCCN(CCCl)c1ccc2ccccc2c1",,,,1,,,1,,,,,,,,,,,,,,,,,1,,,,,,,,,,,1,,,
"ClCC=O",,,,1,,,,,,,,,,,,,,,,,,,,,,,,,,,,,,,1,,,
"CC(=O)Nc1ccc(cc1)C(=O)CCl",,,,1,1,,1,,,,,,,,,,1,1,,,,,,,,,,,,,,,,,0,0,,
"Nc1ccc(Cl)cc1",,,,1,1,,,1,,,,,,,,,1,1,,,,,,,1,,,,,,,,,,,1,,
"[H+].[Cl-].CN=C1CN(O)C(=C2C=C(Cl)C=CC2=N1)c3ccccc3",,,,,,,,,,,,,,,,,0,,,,,,,1,,,,,,,,,,,,,,
"[O-][Cl]=O",,,,1,,,1,,,,,,,,,,0,,,,,,,,,,,,,0,,,,,,,,
"ClCC(=O)c1ccccc1",,,,1,0,,,,,,,,,,,,,1,,,,,,,,,,,,,,,,,,,,
"Clc1ccccc1C=C(C#N)C#N",,,,,,,1,1,,,,,,,,,,1,,,,,,,,,,,,,,,,,,0,,
"Clc1ccc(cc1)C(Cl)(Cl)Cl",0,1,1,,,,,,,,,,,,1,1,,,,,,,,,,,,,,,,,,,,,,
"ClC(=C)C=C",,,,,0,,,,,,,,,,,,,,,,,,,,0,,,,0,,0,,,,,1,,1
"ClCc1ccccc1Cl",1,0,1,,,,,,,,,,,,0,1,,,,,,,0,,,,,,,,,,,,,,,
"OC1OC(=O)C(=C1C(Cl)Cl)Cl",,,,1,,,1,,,,,1,,,,,1,,,,,,,1,,,,,,,,1,0,1,1,,,
"ClC(Br)Br",,,,1,1,,,1,,,,,,,,,,0,,,,,,0,0,,,,,,1,0,,1,1,1,,
"FC(F)Cl",1,1,1,1,,,,,,,,,,,0,0,,,,,,,0,,,,,,,,,,,,0,,,
"CCCl",,,,1,,1,,,,,1,,,,,,,,,,,,,0,,,,,0,,,0,,,1,1,,1
"OC[C@H]1O[C@@H](C[C@@H]1O)N2C=C(CCCl)C(=O)NC2=O",,,,1,,,,,,,,0,,,,,,,,,,,,0,,,,,,,,,1,,,,,
"CC1CCC(CC1)NC(=O)N(CCCl)N=O",,,,1,,,,,,,,,,,,,1,,,,,,,1,,,,,,,,,,,,,,
"[H+].[Cl-].ClCc1ccccn1",,,,1,1,,1,1,,,,1,,,,,1,1,,,,,,,0,,,,,,,,,,0,0,,
"[H+].[Cl-].ClCc1cccnc1",,,,1,1,,1,1,,,,,,,,,1,1,,,,,,0,0,,,,,0,,,,,1,1,,
"ClCc1ccc2ccc3cccc4ccc1c2c34",,,,1,,,,,,,,,,,,,,,,,,,,,,,,,,,,,1,1,,,,
"CC(=C)CCl",0,1,1,,,,,1,,,,,,,1,1,,1,,,,,0,,0,,,,,,1,,,,,1,,
"[O-][N+](=O)c1ccccc1Cl",,,,1,1,,,,,,,,,,,,,,,,,,,,,,,,,,,,,,1,,,
"[O-][N+](=O)c1ccc(Cl)cc1",0,1,1,1,,,,,,,,,,,1,0,1,1,,,,,1,,,,,,,,,,,,1,,,
"[O-][N+](=O)c1cccc(Cl)c1",,,,,,,,,,,,,,,,,,0,,,,,,,,,,,,0,,,,,,,,
"[O-][N+](=O)c1ccc(/C=C/c2cccc(Cl)c2)cc1",,,,1,,,,,,,,,,,,,1,,,,,,,,,,,,,1,,,,,,,,
"[O-][N+](=O)c1ccc(/C=C/c2ccc(Cl)cc2)cc1",,,,1,,,,,,,,,,,,,1,,,,,,,,,,,,,1,,,,,,,,
"CN(C)N=Nc1ccc(Cl)cc1",,,,1,,,,,,,,,,,,,1,,,,,,,1,1,,,,,,,,,,,,,
"Nc1ccc(Cl)c(N)c1",,,,1,1,,,,,,,,,,,,1,1,,,,,,,,,,,,,,,,,1,1,,
"Nc1ccc(Cl)cc1N",,,,1,1,,,,,,,,,,,,1,1,,,,,,1,1,,,,,,1,,1,,1,1,,
"Nc1ccc(N)c(Cl)c1.O[S](O)(=O)=O",,,,,1,,,1,,,,,,,,,,1,,,,,,,,,,,,,,,,,,0,,
"CC(O)CCl",,,,,1,,,,,,,,,,,,,1,,,,,,,0,,,,,,,,,,,0,,
"CCN(CC)CCCC(C)Nc1ccnc2cc(Cl)ccc12",,,,1,,,,,,,,1,,,,,1,,,,,,,1,,,,,,1,,,,,,,,
"OCC1OC(O)C(NC(=O)N(CCCl)N=O)C(O)C1O",,,,1,,,,,,,,,,,,,,,,,,,,,,,,,,,,,,,1,,,
"Oc1ccc(c2C(=O)c3c(ccc(O)c3C(=O)c12)[N+]([O-])=O)[N+]([O-])=O",,,,1,,,,,,,,,,,,,1,,,,,,,,,,,,,,,,,,1,,,
"c1ccc2c(c1)ccc3c4ccccc4ccc23",,,,1,,,1,,,,,1,,,,,,,,,,,,,,,,,,0,,,1,,,,,
"[Na+].[O-][N+](=O)c1ccc(Nc2ccc(Nc3ccccc3)c(c2)[S]([O-])(=O)=O)c(c1)[N+]([O-])=O",,,,1,1,,,,,,,,,,,,1,1,,,,,,,,,,,,,,,,,1,1,,
"[Na+].[Na+].Cc1ccc(N\N=C2\C(=O)C(=Cc3ccc(cc23)[S]([O-])(=O)=O)[S]([O-])(=O)=O)c(C)c1",,,,,,,0,,,,,,,,,,,,,,,,,,,,,,,,,0,,,1,,,
"[Na+].[Na+].[O-][S](=O)(=O)c1ccc(N\N=C\2C=C(c3ccccc3C2=O)[S]([O-])(=O)=O)c4ccccc14",,,,1,0,,,0,,,,,,,,,0,0,,,,,,,0,,,,,,,,,,0,0,,
"[Na+].[Na+].Cc1ccc(cc1)[S](=O)(=O)Oc2ccc(cc2)N=Nc3ccc(cc3C)c4ccc(N\N=C5\C(=O)C=Cc6cc(cc(c56)[S]([O-])(=O)=O)[S]([O-])(=O)=O)c(C)c4",,,,1,1,,0,,,,,,,,,,0,0,,,,,,,,,,,,,,0,,,1,1,,
"[H+].[Cl-].Nc1ccc(cc1)C(c2ccc(N)cc2)=C3C=CC(=N)C=C3",,,,1,1,,,,,,,,,,,,0,0,,,,,,,0,,,,,,,,,1,1,1,,
"[Na+].[Na+].[Na+].[Na+].Nc1cc(cc2C=C(\C(=N/Nc3ccc(cc3)c4ccc(N\N=C/5C(=O)c6c(N)cc(cc6C=C5[S]([O-])(=O)=O)[S]([O-])(=O)=O)cc4)C(=O)c12)[S]([O-])(=O)=O)[S]([O-])(=O)=O",,,,1,1,,,1,,,,,,,,,0,0,,,,,,,,,,,,,,,,,1,1,,
"[Na+].[Na+].[Na+].[Na+].Cc1cc(ccc1N\N=C/2C(=O)c3c(N)cc(cc3C=C2[S]([O-])(=O)=O)[S]([O-])(=O)=O)c4ccc(N\N=C/5C(=O)c6c(N)cc(cc6C=C5[S]([O-])(=O)=O)[S]([O-])(=O)=O)c(C)c4",,,,1,,,0,,,,,,,,,,,,,,,,,,,,,,,,,,,,1,,,
"[Na+].[Na+].[Na+].[Na+].Cc1cc(ccc1N\N=C\2C=Cc3c(cc(c(N)c3C2=O)[S]([O-])(=O)=O)[S]([O-])(=O)=O)c4ccc(N\N=C\5C=Cc6c(cc(c(N)c6C5=O)[S]([O-])(=O)=O)[S]([O-])(=O)=O)c(C)c4",,,,1,,,,,,,,,,,,,,,,,,,,,,,,,,,,1,,0,,,,
"[Na+].[Na+].[Na+].[Na+].COc1cc(ccc1N\N=C/2C(=O)c3c(N)cc(cc3C=C2[S]([O-])(=O)=O)[S]([O-])(=O)=O)c4ccc(N\N=C/5C(=O)c6c(N)cc(cc6C=C5[S]([O-])(=O)=O)[S]([O-])(=O)=O)c(OC)c4",,,,1,1,,1,,,,,,,,,,0,0,,,,,,,,,,,,,,,,,1,1,,
"[Na+].[Na+].[Cu++].[O-]C(=O)c1cc(ccc1[O-])N=Nc2ccc(cc2)c3ccc(N\N=C/4C(=O)C=CC(=N/Nc5cc(ccc5[O-])[S]([O-])(=O)=O)\C4=O)cc3",,,,1,1,,,1,,,,,,,,,0,0,,,,,,,,,,,,,,1,,,1,1,,
"Nc1ccc(N)c2C(=O)c3c(N)ccc(N)c3C(=O)c12",,,,1,1,,,1,,,,,,,,,1,1,,,,,,,0,,,,,,,,,,1,1,,
"Cc1ccc2C(=O)c3ccccc3C(=O)c2c1N",,,,1,1,,1,,,,,,,,,,1,1,,,,,,,,,,,,,,,,,1,1,,
"CC(=O)Nc1ccc(N\N=C\2C=C(C)C=CC2=O)cc1",,,,1,1,,,1,,,,,,,,,0,0,,,,,,,0,,,,,,,,,,1,1,,
"Cc1ccc(N\N=C2/C(=O)C=Cc3ccccc23)c(c1)[N+]([O-])=O",,,,1,1,,,,,,,,,,,,0,0,,,,,,,,,,,,,,,,,1,1,,
"COc1ccc(cc1N\N=C2\C(=O)C(=Cc3ccccc23)C(=O)Nc4cccc(c4)[N+]([O-])=O)[N+]([O-])=O",,,,1,,,,,,,,,,,,,0,0,,,,,,,,,,,,,,,,,0,,,
"[Na+].[Na+].Nc1c(cc(c2ccccc12)[S]([O-])(=O)=O)N=Nc3ccc(cc3)c4ccc(cc4)N=Nc5cc(c6ccccc6c5N)[S]([O-])(=O)=O",,,,1,,,,,,,,,,,,,,,,,,,,,,,,,,,,,,,,,,
"Cc1ccccc1N=Nc2ccc(N)c(C)c2",,,,1,,,1,,,,,,,,,,,,,,,,,,,,,,,,,1,1,,1,,,
"O=C\1C=Cc2ccccc2C1=N/Nc3ccccc3",,,,1,1,,,1,,,,,,,,,0,0,,,,,,1,,,,,,,,,,,1,1,,
"OC(=O)C1=CN(C2CC2)c3cc(N4CCNCC4)c(F)cc3C1=O",,,,1,,,1,,,,,1,,,,,1,,,,,,,0,,,,,,,,0,,,,,,
"N|[Pt](|N)(|[Cl])|[Cl]",,,,1,1,,1,,,,,1,,,,,1,1,,,,,,1,,,,,,1,,,1,1,1,,,
"O.O.O.O.[Co++].CC([O-])=O.CC([O-])=O",1,0,1,,,,,,,,,,,,1,1,,,,,,,1,,,,,,,,,,,,,,,
"O.O.O.O.O.O.[Cl-].[Cl-].[Co++]",,,,1,,,1,,,,,,,,,,,,,,,,,1,,,,,,1,,,,,,,,
"O.O.O.O.O.O.O.[Co++].[O-][S]([O-])(=O)=O",,,,1,1,,,,,,,,,,,,,,,,,,,,,,,,,,,,,,1,1,,
"O=C1Oc2ccccc2C=C1",,,,1,1,,,,,,,0,,,,,1,1,,,,,,0,0,,,,,,,0,,,1,1,,
"COc1ccc(N)c(C)c1",,,,1,1,,,,,,,,,,,,1,1,,,,,,,,,,,,,,,,,1,1,,
"COc1ccc(C)cc1N",0,1,1,1,1,,,,,,,,,,1,0,,1,,,,,0,0,0,,,,,,,,1,1,1,1,,
"C/C=C/C=O",,,,1,,,,,,,,,,,,,,1,,,,,,,0,,,,,,,,,,1,,,
"N.ON(N=O)c1ccccc1",,,,1,1,,,,,,,,,,,,1,1,,,,,,,,,,,,,,,,,1,1,,
"CN(CCC#N)c1ccc(cc1)N=Nc2ccc3ncsc3c2",,,,1,,,,,,,,,,,,,,,,,,,,,,,,,,,,1,,,,,,
"[O-][N+](=O)c1ccc(\C=C\c2cccc(c2)C#N)cc1",,,,1,,,,,,,,,,,,,,,,,,,,,,,,,,1,,,,,,,,
"[O-][N+](=O)c1ccc(\C=C\c2ccc(cc2)C#N)cc1",,,,1,,,,,,,,,,,,,,,,,,,,,,,,,,1,,,,,,,,
"[O-][N+](=O)c1ccc(\C=C/c2cccc(c2)C#N)cc1",,,,1,,,,,,,,,,,,,,,,,,,,,,,,,,1,,,,,,,,
"[O-][N+](=O)c1ccc(\C=C/c2ccc(cc2)C#N)cc1",,,,1,,,,,,,,,,,,,,,,,,,,,,,,,,1,,,,,,,,
"[H+].[Cl-].NCCS",,,,,,,,,,,,,,,,,,,,,,,,1,,,,,,,,,,,,,,
"NC1=NC(=O)N(C=C1)[C@@H]2O[C@H](CO)[C@@H](O)[C@@H]2O",,,,,,,1,1,,,,1,,,,,1,1,,,,,,,1,,,,,1,,,,,,,,
"c1cc2ccc3ccc4C=Cc5cc(c1)c2c3c45",,,,1,,,1,,,,,,,,,,,,,,,,,,,,,,,,,,,,1,,,
"ClCCN(CCCl)[P]1(=O)NCCCO1",,,,1,1,,1,1,,,,1,,,,,1,1,,,,,,1,1,,,,,,,,,1,,,,
"[Na+].COc1ccc(cc1)C(=O)\C(Br)=C/C([O-])=O",,,,1,1,,1,1,,,,,,,,,1,1,,,,,,,1,,,,,,,,,,1,1,,
"CN(C)N\N=C/1N=CN=C1C(N)=O",,,,1,,,,,,,,,,,,,,,,,,,,1,,,,,,,,,,,1,,,
"[Ba++].Cc1cc(N\N=C\2C(=O)C=Cc3ccccc23)c(cc1Cl)[S]([O-])(=O)=O.Cc4cc(N\N=C\5C(=O)C=Cc6ccccc56)c(cc4Cl)[S]([O-])(=O)=O",,,,1,1,,,0,,,,,,,,,0,0,,,,,,1,,,,,,,,0,,,1,1,,
"O=C1C(c2ccc3ccccc3n2)C(=O)c4ccccc14",,,,1,,,,,,,,,,,,,1,1,,,,,,,0,,,,,,,,,,,1,,
"Oc1cccc2C(=O)c3cccc(O)c3C(=O)c12",,,,1,1,,,,,,,,,,,,1,1,,,,,,,0,,,,,,,,,,1,,,
"COc1cccc2C(=O)c3c(O)c4C[C@](O)(C[C@H](O[C@H]5C[C@H](N)[C@H](O)[C@H](C)O5)c4c(O)c3C(=O)c12)C(C)=O",,,,1,,,1,,,,,,,,,,,,,,,,,1,,,,,,1,,,,,1,,,
"CC(=O)Nc1ccc(cc1)c2ccc(NC(C)=O)cc2",,,,1,,,,,,,,,,,,,,,,,,,,1,,,,,,,,,,1,1,,,
"CC(C)N(C(C)C)C(=O)SC\C(Cl)=C\Cl",,,,1,,,,,,,,,,,,,,,,,,,,,,,,,,,,,,,1,,,
"C=CCN(CC=C)N=O",,,,1,,,,,,,,,,,,,,,,,,,,,,,,,,,,,,,1,,,
"Nc1ccc(cc1N)c2ccc(N)c(N)c2",,,,1,,,,,,,,,,,,,,,,,,,,,,,,,,1,,,,,,,,
"[Cl-].Nc1ccc2c(Cc3cc([NH3+])ccc23)c1",,,,1,,,,,,,,,,,,,,,,,,,,,,,,,,1,,,,,,,,
"Nc1ccc(cc1)/C=C/c2ccc(N)cc2",,,,1,,,,,,,,,,,,,,,,,,,,,,,,,,1,,,,,,,,
"Nc1ccc(cc1)c2ccc(cc2)c3ccc(N)cc3",,,,1,,,1,,,,,,,,,,,,,,,,,,,,,,,1,,,,,,,,
"Nc1nc(N)nc(n1)c2oc(cc2)[N+]([O-])=O",,,,1,,,,,,,,,,,,,,,,,,,,,,,,,,,,,,,1,,,
"[H+].[H+].[Cl-].[Cl-].Nc1ccc(O)c(N)c1",,,,1,1,,,1,,,,,,,,,0,0,,,,,,,,,,,,,,,,,1,1,,
"[H+].[H+].[Cl-].[Cl-].Nc1ccc(OCCO)c(N)c1",,,,,,,,,,0,,,1,1,,,,,,1,1,,,,,,0,0,,,,,,,,,,
"Cc1ccc(N)cc1N",0,1,1,1,1,,1,,,,,,,,1,1,1,1,,,,,,,0,,,,,,,1,1,1,1,1,,
"[H+].[H+].[Cl-].[Cl-].Cc1cc(N)ccc1N",,,,1,1,,,1,0,0,,,,,,,1,1,,1,1,,,0,,,0,0,,,,,,,0,0,,
"Cc1c(N)cccc1N",,,,1,1,,,1,,,,1,,,,,1,1,,,,,,,1,,,,,0,,,0,0,0,0,,
"c1ccc2c(c1)ccc3cc4c(ccc5ccccc45)cc23",,,,1,,,1,,,,,1,,,,,,,,,,,,1,,,,,,,,,,,1,,,
"[nH]1c2ccc3ccccc3c2c4c1ccc5ccccc45",,,,1,,,,,,,,0,,,,,,,,,,,,,,,,,,,,,1,,1,,,
"OC(=O)C(Br)Br",,,,,1,,,,,,,,,,,,,,,,,,,,,,,,,,,,,,,1,,
"BrC(Br)C#N",,,,,1,,,,,,,,,,,,,,,,,,,,0,,,,,,,,,,,1,,
"Nc1ccc(cc1Br)c2ccc(N)c(Br)c2",,,,1,,,,,,,,,,,,,,,,,,,,,,,,,,1,,,,,,,,
"ClCC(Br)CBr",,,,1,1,,,1,,,,,,,,,1,1,,,,,,1,0,,,,,1,,1,1,,1,1,,
"OC(CBr)C(O)C(O)C(O)CBr",,,,1,,,,,,,,,,,,,,,,,,,,,,,,,,,,,,,1,,,
"BrCCBr",,,,1,1,1,1,1,,,1,,,,,,1,1,,,,1,,0,1,,,,,0,,1,0,1,1,1,,1
"OC(CBr)C(O)C(O)C(O)CBr",,,,1,1,,,,,,,,,,,,1,1,,,,,,,1,,,,,,,,,,1,,,
"COC(=O)c1cc(ccc1N)c2ccc(N)c(c2)C(=O)OC",,,,1,,,,,,,,,,,,,,,,,,,,,,,,,,1,,,,,,,,
"OCC(Br)CBr",,,,,1,,1,1,,,,,,,,,,1,,,,,,,0,,,,,,,,,,,1,,
"CCCCNC(=O)N(CCCC)N=O",,,,1,,,,,,,,,,,,,1,,,,,,,,,,,,,,,,,,1,,,
"[Cl]|[Sn](|[Cl])(CCCC)CCCC",,,,,,1,,,,,1,,,,,,,,,,,,,,,,,,1,,,,,,,,,
"OC(=O)C(Cl)Cl",,,,1,1,,1,,,,,0,,,,,1,,,,,,,1,0,,,,,,,,1,,1,0,,
"Nc1ccc(cc1Cl)c2ccc(N)c(Cl)c2",,,,1,,,,,,,,,,,,,,,,,,,,,,,,,,1,,1,,1,1,,,
"ClC(=C)C(Cl)=C",,,,,,1,,,,,0,,,,,,,,,,,,,,,,,,0,,,,,,,,,
"ClC/C=C/CCl",,,,1,,,,,,,,,,,,,,,,,,,,,,,,,,,,,,,1,,,
"ClCC(Cl)C=C",1,1,1,,,,,,,,,,,,1,1,,,,,,,1,,,,,,,,,,,,,,,
"ClCCCl",,,,1,1,,,,,,,1,,,,,1,1,,,,,,0,0,,,,,,,,0,1,1,1,,
"ClCCl",,,,1,1,1,,,,,,,,,,,1,0,,,,1,,0,,,,,0,0,,0,1,1,,1,,1
"[O-][N+](=O)c1cc(Cl)ccc1Cl",1,1,1,,,,,,,,,,,,1,0,,,,,,,,,,,,,,,,,,,,,,
"[O-][N+](=O)c1ccc(Cl)cc1Cl",1,1,1,,1,,,,,,,,,,0,0,,0,,,,,,,,,,,,,,,,,,,,
"[O-][N+](=O)c1ccc(Cl)c(Cl)c1",1,1,1,,1,,,,,,,,,,1,1,,0,,,,,,,,,,,,,,,,,,,,
"Oc1ccc(Cl)cc1Cl",,,,,,,,1,,,,,,,,,1,0,,,,,,,,,,,,1,,,,1,,0,,
"Nc1cc(Cl)c(N)c(Cl)c1",,,,1,1,,1,1,,,,,,,,,1,1,,,,,,,0,,,,,,1,0,,,1,1,,
"CC(Cl)CCl",,,,1,1,,1,1,,,,1,,,,,1,1,,,,,,,,,,,,,,,,,1,1,,
"OC(CCl)CCl",,,,,1,,,,,,,,,,,,,,,,,,,,,,,,,,,,,,,,,
"ClC\C=C/Cl",,,,1,1,,1,1,,,,,,,,,0,0,1,,,,,,,,,,,1,1,0,,1,1,1,1,
"CO[P](=O)(OC)OC=C(Cl)Cl",,,,1,1,,1,1,,,,,,,,,1,1,1,,,,,,,1,,,,,,0,,,1,1,,
"Nc1ncnc2n(cnc12)[C@H]3CC[C@@H](CO)O3",,,,,1,,1,,,,,,,,,,1,1,,,,,,,1,,,,,,,,,,,,,
"NC1=NC(=O)N(C=C1)[C@H]2CC[C@@H](CO)O2",,,,1,1,,1,,,,,,,,,,1,1,,,,,,,1,,,,,,,,,,,,,
"C1OC1C2CO2",,,,1,1,,1,1,,,,1,,,,,1,,,,,,,1,,,,,,,,1,0,1,1,,,
"CCO[S](=O)(=O)OCC",1,1,1,1,,,1,,,,,1,,,1,1,1,,,,,,,1,,,,,,,,,,,1,,,
"Nc1ccc(cc1F)c2ccc(N)c(F)c2",,,,1,,,,,,,,,,,,,,,,,,,,,,,,,,1,,,,,,,,
"C1OC1COc2cccc(OCC3CO3)c2",,,,1,1,,1,1,,,,,,,,,1,1,,,,,,0,1,,,,,,1,,,,1,1,,
"NNc1nnc(NN)c2ccccc12",,,,1,,,,,,,,1,,,,,,,,,,,,1,,,,,,,,,,,,,,
"[O-][N+](=O)c1sc(cc1)C2NC(=O)c3ccccc3N2",,,,1,,,,,,,,,,,,,,,,,,,,,,,,,,,,,,,1,,,
"O=C1\C(Nc2ccccc12)=C/3Nc4ccccc4C3=O",,,,,1,,,,,,,,,,,,,,,,,0,,,,,,,,,,,,,,,,
"Oc1cc2CCNc2cc1O",,,,,,,,,0,,,,,,,,,,,0,,,,,,,0,,,,,,,,,,,
"CNC(=O)CS[P](=S)(OC)OC",,,,1,1,,,,,,,,,,,,1,,,,,,,1,,,,,,1,,,,1,0,0,,
"CC1CC(OC(C)O1)OC(C)=O",,,,1,,,,,,,,,,,,,1,1,,,,,,,,,,,,,,,,,0,,,
"COc1ccc(N)c(OC)c1",,,,1,1,,,1,,,,,,,,,1,1,,,,,,,0,,,,,,,,,,0,0,,
"COc1cc(ccc1N)c2ccc(N)c(OC)c2",0,1,1,1,1,,,1,,,,,,,1,1,1,0,,,,,1,,,,,,,1,,0,,,1,1,,
"COc1cc(ccc1N=C=O)c2ccc(N=C=O)c(OC)c2",,,,1,1,,,,,,,,,,,,1,1,,,,,,,,,,,,,,,,,1,1,,
"CN(C)c1ccc(cc1)N=Nc2ccccc2",,,,1,1,,,1,,,,,,,,,1,,,,,,,0,,,,,,,,1,,1,1,1,,
"CN(C)c1ccc(cc1)N=Nc2cccc3ccccc23",,,,1,,,1,,,,,,,,,,,,,,,,,,,,,,,,,1,,,,,,
"CN(C)c1ccc(cc1)N=Nc2ccc3ccccc3c2",,,,1,,,1,,,,,,,,,,,,,,,,,,,,,,,,,1,,,,,,
"CN(C)c1ccc(cc1)N=Nc2ccc3scnc3c2",,,,1,,,,,,,,,,,,,,,,,,,,,,,,,,,,1,1,,,,,
"CN(C)c1ccc(cc1)N=Nc2ccc3ncsc3c2",,,,1,,,,,,,,,,,,,,,,,,,,,,,,,,,,1,1,,1,,,
"CN(C)c1ccc(cc1)N=Nc2ccc3[nH]ncc3c2",,,,1,,,,,,,,,,,,,,,,,,,,,,,,,,,,1,,,,,,
"CN(C)c1ccc(\C=C\c2ccccc2)cc1",,,,1,,,,,,,,,,,,,,,,,,,,,,,,,,,,1,,,,,,
"Cc1c2sc3ccccc3c2c(C)c4ccccc14",,,,1,,,,,,,,,,,,,,,,,,,,,,,,,,,,,1,,,,,
"[Na+].CN(C)c1ccc(cc1)N=N[S]([O-])(=O)=O",,,,1,1,,1,1,,,,,,,,,0,0,,,,,,,,,,,,,,,,,0,0,,
"CN(C)CCOC(=O)C=C",0,,,,,0,,,,,0,,,,1,1,,,,,,1,0,,,,,,0,,,,,,,,,
"CN(C)C=Nc1oc(\C=C\c2oc(cc2)[N+]([O-])=O)nn1",,,,1,,,,,,,,,,,,,,,,,,,,,,,,,,,,,,,1,,,
"Cc1c2ccccc2c(C)c3c4ccccc4ccc13",,,,1,1,,1,1,,,,1,,,,,1,,,,,,,1,1,,,,,,1,,1,,1,,,
"Cc1cc(ccc1N)c2ccc(N)c(C)c2",0,1,1,1,1,,,1,,,,,,,1,0,1,1,,,,,0,,,,,,,1,,0,,1,1,1,,
"CN(C)C(Cl)=O",,,,1,1,,1,1,,,,,,,,,1,1,,,,,,,,,,,,,,,,,1,,,
"Cc1cc2[nH]c3cc(C)c4ccccc4c3c2c5ccccc15",,,,1,,,1,,,,,0,,,,,0,,,,,,,,,,,,,,,1,1,1,1,,,
"CN(C)N",1,1,1,1,,,1,,,,,,,,1,1,1,,,,,,1,1,0,,,,,,,,,,1,,,
"[H+].[H+].[Cl-].[Cl-].CNNC",,,,1,0,,,,,,,,,,,,,,,,,,,1,,,,,,,,,,1,1,,,
"CN(C)Nc1scc(n1)c2oc(cc2)[N+]([O-])=O",,,,1,,,,,,,,,,,,,,,,,,,,,,,,,,,,,,,1,,,
"CO[P+](=O)OC",,,,1,1,,,1,,,,,,,,,1,1,,,,,,,1,,,,,,1,,,,1,1,,
"CN(C)[N+]([O-])=O",,,,1,,,,,,,,,,,,,,,,,,,,,,,,,,,,,,,1,,,
"Cn1c(C)ncc1[N+]([O-])=O",,,,1,,,,,,,,,,,,,,,,,,,,,,,,,,,,,,,1,,,
"CO[P](Cl)(=S)OC",0,1,1,,,,,,,,,,,,1,1,,,,,,,0,,,,,,,,,,,,,,,
"CO[S](=O)(=O)OC",,,,1,,,1,,,,,1,,,,,1,,,,,,,,,,,,,,,,,,1,,,
"CC(C)=CCl",,,,1,1,,,1,,,,,,,,,0,0,,,,,,,1,,,,,,,,,,1,1,,
"Nc1ccc(cc1[N+]([O-])=O)c2ccc(N)c(c2)[N+]([O-])=O",,,,1,,,,,,,,,,,,,,,,,,,,,,,,,,1,,,,,,,,
"[O-][N+](=O)c1ccc2ccc3c4ccccc4c(c5ccc1c2c35)[N+]([O-])=O",,,,1,,,,,,,,1,,,,,,,,,,,,,,,,,,,,,,1,,,,
"[O-][N+](=O)c1ccc2ccc3c4c(ccc1c24)ccc3[N+]([O-])=O",,,,1,,,1,,,,,1,,,,,1,,,,,,,,,,,,,,,1,1,,1,,,
"[O-][N+](=O)c1ccc2ccc3ccc(c4ccc1c2c34)[N+]([O-])=O",,,,1,,,1,,,,,0,,,,,1,,,,,,,,,,,,,,,,1,,1,,,
"O=NN1CCCN(CC1)N=O",,,,1,,,,,,,,,,,,,,,,,,,,,,,,,,,,,,,1,,,
"O=NN1CCN(CC1)N=O",,,,1,,,,,,,,,,,,,,,,,,,,,,,,,,,,,,,1,,,
"Cc1ccc(cc1[N+]([O-])=O)[N+]([O-])=O",,,,1,1,,,1,,,,,,,,,0,0,,,,,,0,,,,,,,,1,,,1,1,,
"Cc1c(cccc1[N+]([O-])=O)[N+]([O-])=O",,,,1,,,,,,,,,,,,,,,,,,,,,,,,,,,,1,,,1,,,
"Cc1ccc(cc1[N+]([O-])=O)[N+]([O-])=O",,,,1,,,,,,,,,,,,,,,,,,,,,,,,,,,,1,,,1,,,
"CCO[P](=S)(OCC)SC1OCCOC1S[P](=S)(OCC)OCC",,,,1,1,,,0,,,,,,,,,0,0,,,,,,,,,,,,,,,,,0,0,,
"[Se]([Se]c1ccccc1)c2ccccc2",,,,1,,,,,,,,1,,,,,,,,,,,,,,,,,,,,,,1,,,,
"N(c1ccccc1)c2ccc(Nc3ccccc3)cc2",,,,1,1,,,,,,,,,,,,1,0,,,,,,,,,,,,,,,,,0,,,
"Nc1ccc(cc1)N=Nc2ccc(cc2)N(CCO)CCO",,,,,,,,,0,0,,,,,,,,,,1,1,,,,,,0,0,,,,,,,,,,
"Cc1ccc(cc1N=Nc2ccc(cc2)[N+]([O-])=O)N(CCO)CCO",,,,,,,,,0,,,,0,0,,,,,,1,,,,,,,0,0,,,,,,,,,,
"Nc1ccc(N)c2C(=O)c3ccccc3C(=O)c12",,,,,,,,,0,0,,,1,1,,,,,,1,,,,,,,0,0,,,,,,,,,,
"CCSCCS[P](=S)(OC)OC",,,,1,,,,,,,,,,,,,,,,,,,,1,,,,,,1,,,,,,,,
"Cc1cc(O)c2C(=O)c3c(O)cc(O)cc3C(=O)c2c1",,,,1,,,1,,,,,1,,,,,1,1,,,,,,,0,,,,,,,,,1,,,,
"ClCC1CO1",1,0,1,1,1,1,1,,,,,,,,1,1,1,1,,,,,0,0,0,,,,,,,,,,1,,,1
"CCC1CO1",,,,1,1,1,1,1,,,,,,,,,1,1,,,,1,,,0,,,,,,,,,,1,1,,1
"CC(=C)C(=O)OCC1CO1",1,1,1,,,,,,,,,,,,1,1,,,,,,,1,,,,,,,,,,,,,,,
"CCC(C)(CCC(C)C)C(=O)OCC1CO1",,,,,1,1,,,,,,,,,,,,,,,,,,,,,,,,,,,,,,,,
"O[P](O)(=O)CCCl",,,,,,,,,,,,,,,,,,,0,,,,,,,,,,,,,,,,,,0,
"CCOCCOCCO",,,,,,,,,,,,,,,,,,,,,,,,,,,0,,,,,,,,,,,
"CCc1ccc(cc1)C(C(Cl)Cl)c2ccc(CC)cc2",,,,1,,,,,,,,,,,,,0,0,,,,,,,,,,,,,,,,,0,,,
"OCCCl",1,0,1,,1,,,1,,,,,,,0,1,,1,,,,,0,,0,,,,,,,,,,,0,,
"C1CN1",,,,1,,1,1,,,,,,,,,,,,,,,,,,,,,,1,,,,,,1,,,1
"C1CO1",,,,1,,,1,,,,,,,,,,1,,,,,,,1,,,,,,1,,,1,,1,1,,
"S=C1NCCN1",1,1,1,,,,,1,,,0,,,,0,0,0,0,,,,,0,0,,,,,,0,,0,,1,1,,,1
"CCO[S](C)(=O)=O",,,,1,1,,1,,,,,1,,,,,1,1,,,,,,1,1,,,,,1,,,1,1,1,,,
"CCN=C(N)N(N=O)[N+]([O-])=O",,,,1,,,,,,,,1,,,,,1,,,,,,,,,,,,,,,,,,1,,,
"CCN(N=O)C#N",,,,1,,,,,,,,,,,,,,,,,,,,,,,,,,,,,,,1,,,
"CCN(N=O)C(N)=O",,,,1,1,,1,,,,,1,,,,,1,1,,,,,,1,1,,,,,1,,,1,1,1,,,
"COc1cc(cc(OC)c1O)[C@H]2[C@@H]3[C@H](COC3=O)[C@H](O[C@@H]4O[C@@H]5CO[C@@H](C)O[C@H]5[C@H](O)[C@H]4O)c6cc7OCOc7cc26",,,,1,,,1,,,,,1,,,,,1,,,,,,,1,,,,,,1,,,0,1,,,,
"[Na+].[Na+].CCN(Cc1cccc(c1)[S]([O-])(=O)=O)c2ccc(cc2)[C+](c3ccc(cc3)N(CC)Cc4cccc(c4)[S]([O-])(=O)=O)c5ccc(O)cc5[S]([O-])(=O)=O",,,,,,,,,,,,,,,,,,,,,,,,,,,,,,1,,0,,,,,,
"[Na+].CCN(Cc1cccc(c1)[S]([O-])(=O)=O)c2ccc(cc2)[C+](c3ccc(cc3)N(C)C)c4ccc(cc4)N(CC)Cc5cccc(c5)[S]([O-])(=O)=O",,,,1,,,,,,,,,,,,,,,,,,,,,,,,,,,,,,,1,,,
"CO[P](=S)(OC)Oc1ccc(c(C)c1)[N+]([O-])=O",,,,,,,,,,,,,,,,,,,0,,,,,,,0,,,,,,,,,,,0,
"CO[P](=S)(OC)Oc1ccc(SC)c(C)c1",,,,,,,,,,,,,,,,,1,0,,,,,,,,,,,,1,,,,,,,,
"[Fe++].[O-][S]([O-])(=O)=O",,,,1,,,,,,,,,,,,,,,,,,,,,,,,,,,,,,1,,,,
"Fc1cccc2ncccc12",,,,1,,,,,,,,1,,,,,1,,,,,,,,,,,,,,,,1,,1,,,
"C=O",,,,1,1,,1,,,,,,,,,,1,1,,,,,,,,,,,,0,,,,,1,,,
"[O-][N+](=O)c1oc(cc1)c2csc(NNC=O)n2",,,,1,,,,,,,,,,,,,,,,,,,,,0,,,,,,,,,,1,,,
"CCO[P](=O)(OCC)C(C)NC(=O)N(CCCl)N=O",,,,1,,,,,,,,,,,,,1,,,,,,,1,,,,,,,,,,,,,,
"O=Cc1occc1",,,,,,,1,1,1,,,,,,,,1,1,,1,,,,,,,,,,,,0,,,1,1,,
"NC(=O)C(=C/c1oc(cc1)[N+]([O-])=O)\c2occc2",,,,1,1,,1,,,,,,,,,,1,1,,,,,,1,,,,,,,,,,,1,,,
"Oc1cc(O)c2C(=O)C(=C(Oc2c1)c3ccccc3)O",,,,1,,,,,,,,,,,,,1,,,,,,,1,,,,,,,,,,,,,,
"O=CCCCC=O",1,0,1,,1,1,,1,,,1,,,,1,1,,,,,,1,0,,0,,,,0,,,,,,,0,,0
"[Cl-].CN(C)c1ccc(cc1)[C+](c2ccc(cc2)N(C)C)c3ccc(cc3)N(C)C",,,,,,,,,,,,,,,,,0,0,,,,,,,,,,,,,,,,,1,,,
"O=CC1CO1",,,,1,,,1,,,,,,,,,,,,,,,,,,,,,,,,,,,,1,,,
"NC(=O)C1CO1",,,,1,1,,1,,,,,1,,,,,1,,,,,,,1,,,,,,,,1,1,,,,,
"C1O[C@H]1COc2cccc3ccccc23",,,,1,,,,,,,,,,,,,,,,,,,,,,,,,,1,,,,,,,,
"[O-][N+](=O)c1ccc(cc1)C(=O)OC[C@@H]2CO2",,,,1,,,,,,,,,,,,,,,,,,,,,,,,,,1,,,,,,,,
"[O-][N+](=O)c1ccc(OC[C@H]2CO2)cc1",,,,1,,,,,,,,,,,,,,,,,,,,,,,,,,1,,,,,,,,
"OCC1CO1",1,1,1,1,1,,1,1,,,,,,,1,1,1,1,,,,,1,,1,,,,,1,,,,,1,1,,
"O=CC=O",1,1,1,,1,,,,1,,,,,,1,1,,,,1,,,0,,,,0,,,,,,,,,,,
"OCCNc1ccc(cc1[N+]([O-])=O)N(CCO)CCO",,,,1,1,,,1,,,,,1,1,,,0,0,,0,0,,,,,,0,0,,,,,,,0,0,,
"[H+].[H+].[Cl-].[Cl-].CNc1nc(OC)ccc1N",,,,,,,,,,,,,,,,,,,,,,,,,,,0,,,,,,,,,,,
"OCCNC1=CC(=O)C(=CC1=O)Nc2ccc(cc2)N(CCO)CCO",,,,,,,,,1,,,,,,,,,,,1,,,,,,,,,,,,,,,,,,
"Nc1ccc(NCCO)c(c1)[N+]([O-])=O",,,,,1,,,1,0,0,,,,,,,,1,,0,0,,,,,,0,0,,,,,,,,,,
"Nc1ccc(NCCO)cc1[N+]([O-])=O",,,,,,,,,0,,,,1,1,,,,,,,,,,,,,0,0,,,,,,,,,,
"OCCNc1ccc(cc1OCCO)[N+]([O-])=O",,,,1,1,,,,0,0,,,,,,,0,0,,1,1,,,,,,,0,,,,,,,0,,,
"OCCNc1ccccc1[N+]([O-])=O",,,,,,,,,,1,,,,,,,,,,,1,,,,,,,0,,,,,,,,,,
"CO[C@H](C)[C@@](O)(C(C)C)C(=O)OCC1=CCN2CC[C@H](O)[C@@H]12",,,,1,,,,,,,,,,,,,1,,,,,,,1,,,,,,,,,,,,,,
"C/C=C/C=C/C=O",,,,,1,,,,,,,,,,,,,,,,,,,,,,,,,,,,,,,1,,
"C1N2CN3CN1CN(C2)C3",,,,1,,,1,,,,,,,,,,,,,,,,,,,,,,,,,,,,0,,,
"CN(C)[P](=O)(N(C)C)N(C)C",,,,,0,,,1,,,,1,,,,,,0,,,,,,,,,,,,,1,,,,1,,,
"CCCCCCN(N=O)C(N)=O",,,,1,,,,,,,,,,,,,,,,,,,,,,,,,,,,,,,1,,,
"CCN(CC)CCNc1ccc(CO)c2Sc3ccccc3C(=O)c12",,,,1,,,1,,,,,1,,,,,1,,,,,,,1,,,,,,1,,,,,,,,
"CC[NH+](CC)CCNc1ccc(CO)c2Sc3ccccc3C(=O)c12.C[S]([O-])(=O)=O",,,,1,,,1,,,,,,,,,,1,,,,,,,1,,,,,,1,,,,,1,,,
"N(Nc1ccccc1)c2ccccc2",,,,1,1,,,,,,,,,,,,1,1,,,,,,,,,,,,,,,,,1,1,,
"OO",,,,1,,,1,,,,,1,,,,,1,,,,,,,,,,,,,,,,,,1,,,
"CC(=O)N(O)c1ccc2c(Cc3ccccc23)c1",,,,1,,,,,,,,,,,,,1,,,,,,,,,,,,,,,,1,,1,,,
"Oc1ccc2OCCNc2c1",,,,,,,,,0,0,,,,,,,,,,0,0,,,,,,0,0,,,,,,,,,,
"OCCOC(=O)C=C",1,1,1,,,1,,,,,1,,,,1,1,,,,,,,0,,,,,,,,,,,,,,,
"COc1cc(ccc1NCCO)[N+]([O-])=O",,,,,,,,,0,0,,,1,1,,,,,,,,,,,,,0,0,,,,,,,,,,
"O\N=C\1C=CN(O)c2ccccc12",,,,1,1,,1,1,,,,,,,,,,,,,,,,,,,,,,,,,,,1,,,
"OCCNc1nc(nc2ccccc12)c3sc(cc3)[N+]([O-])=O",,,,1,,,,,,,,,,,,,,,,,,,,,,,,,,,,,,,1,,,
"OCCN1CCN(\N=C\c2oc(cc2)[N+]([O-])=O)C1=O",,,,1,,,,,,,,,,,,,,,,,,,,,,,,,,,,,,,1,,,
"NC(=O)N(CCO)N=O",,,,1,,,,,,,,,,,,,,,,,,,,,,,,,,,,,,,1,,,
"NNCCO",,,,1,,,,,,,,,,,,,,,,,,,,,,,,,,,,,,,1,,,
"Oc1ccc2cc[nH]c2c1",,,,,,,,,0,,,,,,,,,,,1,,,,,,,,,,,,,,,,,,
"OCCCOC(=O)C=C",,,,,,1,,,,,,,,,,,,,,,,1,,,,,,,0,,,,,,,,,
"Oc1cccc2cccnc12",,,,1,1,,,1,,,,,,,,,1,1,,,,,,,0,,,,,,,,,,0,0,,
"CC(O)C(/c1ccccc1)=C(c2ccccc2)/c3ccc(OCCN(C)C)cc3",,,,,,,1,,,,,,,,,,,,,,,,,,,,,,,,,,1,,,,,
"NC(=O)NO",,,,1,,,1,,,,,1,,,,,1,,,,,,,1,1,,,,,,,,1,,,,,
"CCOC(=O)NO",,,,1,,,,,,,,,,,,,1,,,,,,,1,,,,,,,,,,,,,,
"[H+].[H+].[Cl-].[Cl-].CCN(CCCl)CCCNc1c2ccc(Cl)cc2nc3ccc(OC)cc13",,,,1,,,1,,,,,,,,,,,,,,,,,,,,,,,,,,,,1,,,
"COc1ccc2n(c(C)c(CC(O)=O)c2c1)C(=O)c3ccc(Cl)cc3",,,,,0,,,,,,,,,,,,,,,,,,,1,,,,,,,,,,,,,,
"CC(I)C1OCC(CO)O1",,,,1,1,,1,1,,,,,,,,,,1,,,,,,0,0,,,,,,,,,,1,1,,
"IC(I)I",,,,1,1,,,,,,,,,,,,0,0,,,,,,,,,,,,,,,,,0,0,,
"FC(F)(F)I",,,,1,,,,,,,,,,,,,,,,,,,,1,,,,,,,,,,,,,,
"CC(C)CON=O",,,,1,1,,,,,,,,,,,,1,1,,,,,,,1,,,,,,,,,,1,1,,
"NNC(=O)c1ccncc1",,,,1,,,,,,,,,,,,,1,,,,,,,,,,,,,,,,,,1,,,
"ClCCN[P]1(=O)OCCCN1CCCl",,,,1,,,,,,,,,,,,,,,,,,,,,,,,,,,,,,,1,,,
"CC(C)O[S](C)(=O)=O",,,,1,,,1,,,,,1,,,,,1,,,,,,,1,,,,,,1,,,1,,1,,,
"Oc1ccc(cc1)C2=C(O)C(=O)c3c(O)cc(O)cc3O2",,,,1,,,1,,,,,,,,,,1,,,,,,,1,,,,,,,,,,,,,,
"OC(C1CC1)(c2ccc(Cl)cc2)c3ccc(Cl)cc3",,,,1,,,,,,,,,,,,,,,,,,,,,,,,,,1,,,,,,,,
"OCC1=CC(=O)C(=CO1)O",,,,1,,,,,0,,,,1,,,,,,,1,,,,,,,0,,,,,0,0,,,,,
"CO[C@H](C)[C@](O)(C(=O)OCC1=CCN2CC[C@H](OC(=O)C(/C)=C\C)[C@@H]12)C(C)(C)O",,,,1,1,,,,,,,,,,,,1,1,,,,,,,1,,,,,,,,,,1,1,,
"[Pb++].CN(C)C([S-])=S.CN(C)C([S-])=S",,,,1,1,,,,,,,,,,,,1,,,,,,,,,,,,,,,,,,0,0,,
"CC(C)=CCCC(C)(OC(C)=O)C=C",,,,,,1,,,,,0,,,,,,,,,,,0,,,,,,,0,,,,,,,,,
"CCN1C=C(C(O)=O)C(=O)c2cc(F)c(N3CCNC(C)C3)c(F)c12",,,,1,,,,,,,,,,,,,1,,,,,,,,,,,,,1,,,,,,,,
"O=CCC=O",,,,,1,,,,,,,,,,,,,0,,,,,,,,,,,,,,,,,,1,,
"CC1=C(O)C(=O)C=CO1",,,,1,,,,,,,,,,,,,1,,,,,,,1,,,,,,,,,,,,,,
"O.[Mn++].[O-][S]([O-])(=O)=O",,,,1,0,,1,,,,,,,,,,1,1,,,,,,1,,,,,,1,,,,,0,,,
"Cc1cc2c([nH]c3ccccc23)nc1N",,,,1,,,,,,,,,,,,,,,,,,,,,,,,,,,,,,,1,,,
"Cn1c(cnc1c2sc(N)nn2)[N+]([O-])=O",,,,1,,,,,,,,1,,,,,1,,,,,,,1,,,,,,,,,,,,,,
"CO[C@H]1C[C@](C)(O)Cc2cc3C(=O)c4c5OC6OC(C)([C@H](O)[C@H]([C@@H]6O)N(C)C)c5cc(O)c4C(=O)c3c(O)c12",,,,1,,,,,,,,,,,,,,,,,,,,1,,,,,,,,,,,,,,
"NC(Cc1ccc(cc1)N(CCCl)CCCl)C(O)=O",,,,1,1,,,,,,,,,,,,1,1,,,,,,1,1,,,,,,1,,,,1,,,
"S=C1N=CNc2nc[nH]c12",,,,1,,,1,,,,,1,,,,,1,1,,,,,,1,,,,,,,,,,,,,,
"[H+].[Cl-].CN(C)CCN(Cc1sccc1)c2ccccn2",,,,,1,,,0,,,,,,,,,1,1,,,,,,,,,,,,,,,,,1,1,,
"CNC(=O)O\N=C(/C)SC",,,,,,,,,,,,1,,,,,1,,,,,,,1,,,,,,,,,,,,,,
"CN(Cc1cnc2nc(N)nc(N)c2n1)c3ccc(cc3)C(=O)N[C@@H](CCC(O)=O)C(O)=O",,,,,,,1,,,,,1,,,,,1,,,,,,,1,,,,,,,,,,,,,,
"COc1ccc2c(ccc3oc(cc23)[N+]([O-])=O)c1",,,,1,,,,,,,,1,,,,,1,,,,,,,,,,,,,,,,1,,,,,
"COc1cc(ccc1N)N=Nc2ccccc2",,,,1,,,,,,,,,,,,,,,,,,,,,,,,,,,,,,,1,,,
"COc1ccc(cc1)/C=C/c2ccc(cc2)[N+]([O-])=O",,,,1,,,,,,,,,,,,,,,,,,,,,,,,,,1,,,,,,,,
"COc1c2ccoc2cc3OC(=O)C=Cc13",,,,1,,,,,,,,,,,,,1,1,,,,,,0,0,,,,,1,1,,,,,,,
"COc1c2occc2cc3C=CC(=O)Oc13",,,,1,1,,,,,,,,,,,,1,1,,,,,,,,,,,,,1,,,,1,1,,
"COC(=O)CC(C)=O",1,1,1,,,,,,,,,,,,0,1,,,,,,,,,,,,,,,,,,,,,,
"CNc1ccc(O)cc1.CNc2ccc(O)cc2.O[S](O)(=O)=O",,,,,,,,,,,,,,,,,,,,1,1,,,,,,0,0,,,,,,,,,,
"CC1CN1",,,,1,,,,,,,,,,,,,,,,,,,,1,,,,,,,,,,,1,,,
"CBr",,,,1,1,,1,,,,,,,,,,,,,,,,,,1,,,,,,,,,,0,,,
"CCl",,,,1,,,1,,,,,,,,,,,,,,,,,,,,,,,,,,,,,,,
"Cn1c2ccc3ccccc3c2c4c1ccc5ccccc45",,,,1,,,,,,,,,,,,,,,,,,,,,,,,,,,,,1,,1,,,
"CC(=O)OC[N-][N+](C)=O",,,,1,,,1,,,,,,,,,,1,,,,,,,,,,,,,,,,,,1,,,
"Cc1ccc2cc3c(ccc4ccccc34)c5CCc1c25",,,,1,1,,1,,,,,1,,,,,1,0,,,,,,,,,,,,,,,1,,1,,,
"CN(C)c1ccc(cc1)N=Nc2cccc(C)c2",,,,1,,,,,,,,,,,,,1,,,,,,,,,,,,,,,1,,,1,,,
"[Cl-].CN(C)c1ccc2nc3ccc(cc3[s+]c2c1)N(C)C",,,,,1,,,,,,,,,,,,,1,,,,,,,0,,,,,,,,,,,1,,
"Nc1ccc(Cc2ccc(N)c(Cl)c2)cc1Cl",0,1,1,1,1,,,1,,,,1,,,1,0,1,0,,,,,1,,,,,,,,,,,1,1,,,
"CN(C)c1ccc(Cc2ccc(cc2)N(C)C)cc1",,,,1,1,,1,1,,,,,,,,,0,0,,,,,,,,,,,,,,,,,1,1,,
"Cc1cc(Cc2ccc(N)c(C)c2)ccc1N",,,,1,,,,,,,,,,,,,,,,,,,,,,,,,,,,,,,1,,,
"Nc1ccc(Cc2ccc(N)cc2)cc1",,,,,1,,,1,,,,,,,,,,1,,,,,,1,1,,,,,,1,,,,,,,
"CI",,,,1,,,1,,,,,,,,,,,,,,,,,,,,,,,,,,,,1,,,
"CNN",1,1,1,,,,,,,,,,,,1,1,,,,,,,,,,,,,,,,,,,,,,
"COC(=O)C(C)=C",,,,,,,1,1,,,,,,,,,,1,,,,,,,,,,,,,,,,,,0,,
"CO[S](C)(=O)=O",,,,1,1,,1,1,,,,1,,,,,1,,,,,,,1,,,,,,1,,1,1,1,1,,,
"Cc1ccc2C(=O)c3ccccc3C(=O)c2c1[N+]([O-])=O",,,,1,1,,,,,,,,,,,,1,1,,,,,,,,,,,,,,,,,1,1,,
"CC1CN(\N=C\c2oc(cc2)[N+]([O-])=O)C(=O)N1",,,,1,,,,,,,,,,,,,,,,,,,,,,,,,,,,,,,1,,,
"CN(N=O)C(/N)=N/[N+]([O-])=O",,,,1,,,1,,,,,1,,,,,1,,,,,,,1,,,,,,1,,1,1,1,1,,,
"Cc1c[n+]([O-])c2ccccc2c1[N+]([O-])=O",,,,1,,,1,,,,,,,,,,,,,,,,,,,,,,,,,,,,,,,
"CN(N=O)C(=O)c1ccccc1",,,,1,,,,,,,,,,,,,,,,,,,,,,,,,,,,,,,1,,,
"CN(N=O)C#N",,,,1,,,,,,,,,,,,,1,,,,,,,,,,,,,,,,,,1,,,
"Cc1ccc(cc1)/C=C/c2ccc(cc2)[N+]([O-])=O",,,,1,,,,,,,,,,,,,,,,,,,,,,,,,,1,,,,,,,,
"Cc1ccc(N)c(N)c1",,,,1,,,1,,,,,,,,,,,,,,,,,1,,,,,,,,,,,,,,
"COC(=O)NC(=S)Nc1ccccc1NC(=S)NC(=O)OC",,,,1,,,,,,,,,,,,,1,,,,,,,1,,,,,,0,,,,,,,,
"CC(=O)\C=C\c1ccccc1",,,,,1,,,,,,,,,,,,,,,,,,,,0,,,,,,,,,,,0,,
"Cc1ncc(n1CCO)[N+]([O-])=O",,,,1,1,,,,,,,,,,,,1,,,,,,,,,,,,,,,,0,,1,,,
"CCO[P](=S)(OCC)Oc1nn(C(C)C)c(Cl)n1",,,,1,,,,,,,,,,,,,,,,,,,,,,,,,,1,,,,,,,,
"COCC(O)Cn1ccnc1[N+]([O-])=O",,,,1,,,,,,,,,,,,,1,,,,,,,1,,,,,,1,,,,,,,,
"CO[C@@]12[C@H](COC(N)=O)C3=C(N1C[C@@H]4N[C@H]24)C(=O)C(=C(N)C3=O)C",,,,1,,,1,,,,,1,,,,,1,,,,,,,1,,,,,,1,1,,1,1,1,,,
"Clc1ccc(cc1)c2ccccc2",,,,1,,,,,,,,0,,,,,,,,,,,,,,,,,,,,,1,,,,,
"CNC(=O)\C=C(/C)O[P](=O)(OC)OC",,,,1,,,1,,,,,,,,,,1,,,,,,,,,,,,,1,,,,1,,,,
"CNc1ccc(cc1)N=Nc2ccc3ncsc3c2",,,,1,,,,,,,,,,,,,,,,,,,,,,,,,,,,1,,,,,,
"[O-][N+](=O)c1sc(cc1)c2nc3ccccc3c(n2)N4CCOCC4",,,,1,,,,,,,,,,,,,,,,,,,,,,,,,,,,,,,1,,,
"CCN1C=C(C(O)=O)C(=O)c2ccc(C)nc12",,,,,,,,0,,,,1,,,,,0,0,,,,,,,,,,,,,,,,,1,1,,
"Nc1cccc2c(N)cccc12",,,,1,1,,,,,,,,,,,,1,1,,,,,,,,,,,,,,,,,1,1,,
"Nc1ccc2ccccc2c1",,,,1,1,,,1,,,,,,,,,1,1,,,,,,,0,,,,,,,1,,1,1,,,
"Nc1cccc2ccccc12",0,1,1,1,1,,1,,,,,,,,1,1,1,1,,,,,0,,0,,,,,,,,,,,,,
"[H+].[H+].[Cl-].[Cl-].NCCNc1cccc2ccccc12",,,,1,1,,,0,,,,0,,,,,1,1,,,,,,,,,,,,,,,,,0,0,,
"C1OC1COc2cccc3ccccc23",,,,1,,,,,,,,,,,,,1,,,,,,,,,,,,,1,,,,1,,,,
"C1OC1Cc2cccc3ccccc23",,,,1,,,,,,,,,,,,,1,,,,,,,,,,,,,1,,,,1,,,,
"COc1ccc2cc(ccc2c1)C(C)C(O)=O",,,,,,,,,,,,,,,,,,,,,,,,1,,,,,,,,,,,,,,
"COc1ccc(CCC(=O)c2c(O)cc(O[C@@H]3O[C@H](CO)[C@@H](O)[C@H](O)[C@H]3O[C@@H]4O[C@@H](C)[C@H](O)[C@@H](O)[C@H]4O)cc2O)cc1O",,,,,,,,,,,,,,,,,,,,,,,,,,,,,,,,,,,,,,
"[Cl-].[Cl-].[Ni++]",,,,,,,1,,,,,1,,,,,1,,,,,,,,,,,,,1,,,,1,,,,
"[Ni][Ni][Ni]=[S]=S",,,,,,,1,,,,,,,,,,1,,,,,,,,,,,,,,,,,,,1,,
"Oc1ccc(Cl)cc1C(=O)Nc2ccc(cc2Cl)[N+]([O-])=O",,,,1,,,,,,,,,,,,,1,,,,,,,,,,,,,1,,,,,,,,
"CC1C[S](=O)(=O)CCN1\N=C\c2oc(cc2)[N+]([O-])=O",,,,1,,,,,,,,,,,,,1,,,,,,,1,,,,,,,,,,,,,,
"CCNC(=O)Nc1sc(cn1)[N+]([O-])=O",,,,1,1,,,,,,,,,,,,0,0,,,,,,,,,,,,,,,,,1,1,,
"[Na+].[O-]N=O",,,,1,1,1,0,,,,,,,,,,1,,,,,1,,,0,,,,,1,,,,0,1,,,
"[O-][N+](=O)c1ccc2CCc3cccc1c23",,,,1,1,,,,,,,,,,,,,1,,,,,,0,,,,,,,,,,,1,1,,
"Nc1ccccc1[N+]([O-])=O",,,,1,0,,,,,,,,,,,,1,,,,,,,1,,,,,,,,,,,,,,
"Nc1cccc(c1)[N+]([O-])=O",1,1,1,,,,,,,,,,,,0,1,,,,,,,1,,,,,,,,,,,,,,,
"Nc1ccc(cc1)[N+]([O-])=O",,,,1,1,,,1,,,,,,,,,1,1,,,,,,,,,,,,,,,,,0,,,
"Nc1cc(ccc1C(O)=O)[N+]([O-])=O",,,,1,1,,,1,,,,0,,,,,1,1,,,,,,,,,,,,,,,,,0,0,,
"CCOc1ccc(NC(C)=O)cc1[N+]([O-])=O",,,,1,1,,,,,,,,,,,,,0,,,,,,,,,,,,,,,,,1,1,,
"COc1ccc(cc1N)[N+]([O-])=O",,,,1,1,,,,,,,,,,,,0,0,,,,,,,,,,,,,,,,,1,1,,
"COc1ccccc1[N+]([O-])=O",1,1,1,1,1,,,1,,,,,,,0,1,1,1,,,,,,,,,,,,,,0,,,1,1,,
"COc1ccc(cc1)[N+]([O-])=O",1,1,1,,,,,,,,,,,,0,1,,,,,,,,,,,,,,,,,,,,,,
"Nc1ccc(cc1)c2ccc(N)c(c2)[N+]([O-])=O",,,,1,,,,,,,,,,,,,,,,,,,,,,,,,,1,,,,,,,,
"Nc1ccc(cc1)c2ccc(N)c(c2)[N+]([O-])=O",,,,1,,,,,,,,,,,,,,,,,,,,,,,,,,1,,,,,,,,
"[O-][N+](=O)c1ccc2nc[nH]c2c1",,,,1,1,,,,,,,,,,,,1,1,,,,,,,,,,,,,,,,,1,1,,
"OC(=O)c1ccc(cc1)[N+]([O-])=O",,,,1,1,,,,,,,,,,,,1,1,,,,,,,0,,,,,,,,,,1,1,,
"[O-][N+](=O)c1ccc(cc1)c2ccccc2",,,,1,,,,,,,,,,,,,,,,,,,,,,,,,,,,,,,1,,,
"[O-][N+](=O)c1cc2c3ccccc3ccc2c4ccccc14",,,,1,,,1,,,,,,,,,,,,,,,,,,,,,,,,,,1,,1,,,
"[O-][N+](=O)c1ccc(Oc2ccc(Cl)cc2Cl)cc1",,,,1,1,,1,1,,,,,,,,,0,0,,,,,,0,,,,,,,,,,,1,1,,
"[O-][N+](=O)c1ccc2c(Cc3ccccc23)c1",,,,1,,,1,,,,,1,,,,,1,,,,,,,,,,,,,,,1,,,,,,
"NC(=O)N/N=C/c1oc(cc1)[N+]([O-])=O",,,,1,1,,,1,,,,,,,,,1,1,,,,,,0,0,,,,,0,,0,,,1,1,,
"[O-][N+](=O)c1oc(cc1)/C=N/N2CC(=O)NC2=O",,,,1,1,,1,1,,,,,,,,,1,1,,,,,,,0,,,,,,,,,,1,1,,
"CC(=O)NCc1onc(n1)c2oc(cc2)[N+]([O-])=O",,,,1,,,,,,,,,,,,,,,,,,,,,,,,,,,,,,,1,,,
"CC(=O)Nc1sc(nn1)c2oc(cc2)[N+]([O-])=O",,,,1,,,,,,,,,,,,,,,,,,,,,,,,,,,,,,,1,,,
"[O-][N+](=O)c1oc(cc1)c2cscn2",,,,1,,,,,,,,,,,,,,,,,,,,,,,,,,,,,,,1,,,
"CC(=O)Nc1scc(n1)c2oc(cc2)[N+]([O-])=O",,,,1,,,,,,,,,,,,,,,,,,,,,,,,,,,,,,,1,,,
"[O-][N+](=O)c1oc(cc1)c2csc(NC=O)n2",,,,1,,,,,,,,,,,,,,,,,,,,,,,,,,,,,,,1,,,
"CC(=O)Nc1nc(NC(C)=O)nc(n1)c2oc(cc2)[N+]([O-])=O",,,,1,,,,,,,,,,,,,,,,,,,,,,,,,,,,,,,1,,,
"[O-][N+]=O",,,,1,,,,,,,,,,,,,1,,,,,,,,,,,,,,,,,,,,,
"CN(CCCl)CCCl",,,,1,,,1,,,,,,,,,,1,,,,,,,1,,,,,,,,,,,1,,,
"C[N+]([O-])(CCCl)CCCl",,,,,,,,,,,,,,,,,,,,,,,,,,,,,,,,,,,,,,
"[O-][N+](=O)c1ccc2ccccc2c1",,,,1,,,1,,,,,1,,,,,,,,,,,,,,,,,,,,,1,,,,,
"[O-][N+](=O)c1cccc2ccccc12",,,,1,1,,,,,,,,,,,,1,1,,,,,,,,,,,,,,,,,0,0,,
"Nc1ccc(cc1N)[N+]([O-])=O",1,1,1,1,1,,,1,,,,0,,,1,0,1,0,,,,,0,,,,,,,,,,,,0,0,,
"Nc1ccc(N)c(c1)[N+]([O-])=O",,,,1,1,,1,1,,,,,,,,,1,1,,,,,,0,,,,,,0,,,1,,1,1,,
"[O-][N+](=O)c1ccc(OCC2CO2)cc1",,,,1,,,,,,,,,,,,,1,,,,,,,,,,,,,1,,,,,,,,
"[O-][N+](=O)c1ccc(\C=C/C=C/C=O)cc1",,,,1,,,,,,,,,,,,,,0,,,,,,,,,,,,,0,,,,,,,
"CC(C)[N+]([O-])=O",,,,1,1,,1,,,,,1,,,,,1,0,,,,,,,,,,,,,,1,,,,,,
"OC(=O)CC[N+]([O-])=O",,,,1,1,,1,1,,,,0,,,,,,1,,,,,,,,,,,,,,,,,0,,,
"[O-][N+](=O)c1ccc2ccc3cccc4ccc1c2c34",,,,1,,,,,,,,,,,,,1,,,,,,,,,,,,,,,,,,1,,,
"[O-][N+](=O)c1cccc2cccnc12",,,,1,,,,,,,,,,,,,,,,,,,,,,,,,,,,,,,1,,,
"[O-][N+](=O)c1cc[n+]([O-])c2ccccc12",,,,1,1,,1,1,,,,1,,,,,1,1,,,,,,1,,,,,,,1,,1,,1,,,
"Cc1cccc(c1N)[N+]([O-])=O",,,,,,,,,0,,,,,,,,,,,1,,,,,,,0,,,,,,,,,,,
"CC(C)Oc1ccccc1OC(=O)N(C)N=O",,,,1,,,,,,,,,,,,,,,,,,,,,,,,,,,,,,,1,,,
"O=NN(Cc1ccccc1)Cc2ccccc2",,,,1,,,1,,,,,,,,,,,,,,,,,,,,,,,,,,1,,,,,
"CCCCN(CCCC)N=O",,,,1,,,,,,,,,,,,,,,,,,,,0,,,,,,,,,,,1,,,
"OCCN(CCO)N=O",,,,1,1,,,,,,,,,,,,,,,,,,,0,,,,,,,,,,,1,1,,
"CCN(CC)N=O",,,,1,,,1,,,,,1,,,,,1,,,,,,,0,,,,,,,,1,1,1,1,,,
"O=NN1CCC(=O)NC1=O",,,,1,,,,,,,,,,,,,,,,,,,,,,,,,,,,,,,1,,,
"CC(O)CN(CC(O)CO)N=O",,,,1,,,,,,,,,,,,,,,,,,,,,,,,,,,,,,,1,,,
"CN(C)N=O",,,,1,1,,1,,,,,1,,,,,1,1,,,,,,1,,,,,,,,1,1,1,1,,,
"O=Nc1ccc(Nc2ccccc2)cc1",,,,1,1,,,1,,,,,,,,,1,1,,,,,,,,,,,,,,,,,1,1,,
"CCCN(CCC)N=O",,,,1,,,,,,,,,,,,,,,,,,,,0,,,,,,,,,1,,1,,,
"O=NN1CCCCCCCCCCCC1",,,,1,,,,,,,,,,,,,,,,,,,,,,,,,,,,,,,1,,,
"CCN(C)N=O",,,,1,,,,,,,,,,,,,,,,,,,,,,,,,,,,,,,1,,,
"CCOC(=O)N(CC)N=O",,,,1,,,,,,,,,,,,,,,,,,,,,,,,,,,,,,,1,,,
"O=NN1CCCCCCC1",,,,1,,,,,,,,,,,,,,,,,,,,,,,,,,,,,,,1,,,
"O=NN1CCCCCC1",,,,1,,,,,,,,,,,,,,,,,,,,,,,,,,,,,,,1,,,
"O=NN1CC(=O)NC1=O",,,,1,,,,,,,,,,,,,,,,,,,,,,,,,,,,,,,1,,,
"OC1CCN(C1)N=O",,,,1,,,,,,,,,,,,,,,,,,,,,,,,,,,,,,,1,,,
"CN(N=O)c1ccccn1",,,,1,,,,,,,,,,,,,,,,,,,,,,,,,,,,,,,1,,,
"CN(Cc1ccccc1)N=O",,,,1,,,,,,,,,,,,,,,,,,,,,,,,,,,,,1,,1,,,
"CN(N=O)C(N)=O",,,,1,,,1,,,,,1,,,,,1,,,,,,,1,1,,,,,1,,1,1,,1,,,
"O=NN1CCOCC1",,,,1,,,1,,,,,1,,,,,,,,,,,,1,,,,,,,1,,,,1,,,
"O=NN1CCCC1c2cccnc2",,,,1,,,,,,,,,,,,,,,,,,,,1,,,,,,,,,1,,1,,,
"O=NN1CCNCC1",,,,1,,,,,,,,,,,,,,,,,,,,,,,,,,,,,,,1,,,
"O=NN1CCCCC1",,,,1,,,1,,,,,,,,,,,,,,,,,0,,,,,,,,,,,1,,,
"O=NN1CCCC1",,,,1,,,1,,,,,,,,,,,,,,,,,0,,,,,,,,,1,,1,,,
"O=NN1CCC=CC1",,,,1,,,,,,,,,,,,,,,,,,,,,,,,,,,,,,,1,,,
"O=NN1CCSCC1",,,,1,,,,,,,,,,,,,,,,,,,,,,,,,,,,,,,1,,,
"[O-][N+](=O)c1ccccc1/C=C/c2ccccc2",,,,1,,,,,,,,,,,,,,,,,,,,,,,,,,1,,,,,,,,
"CC(=O)O[C@]1(CC[C@H]2[C@@H]3CCC4=CC(=O)CC[C@@H]4[C@H]3CC[C@]12C)C#C",,,,1,,,,,,,,,,,,,1,,,,,,,1,,,,,,,,,,,,,,
"Cc1ccc(cc1N)[N+]([O-])=O",,,,1,1,,,,,,,,,,,,1,1,,,,,,,,,,,,,,,,,1,1,,
"CN(CCCC(=O)c1cccnc1)N=O",,,,,,,,,,,,,,,,,,,,,,,,,,,,,,,,,,,,,,
"Cc1ccccc1N\N=C2/C(=O)C=Cc3ccccc23",,,,1,,,,,,,,,,,,,,,,,,,,1,,,,,,,,,,0,1,,,
"Cc1c(C(=O)NCCO)[n+]([O-])c2ccccc2[n+]1[O-]",,,,1,,,,,,,,1,,,,,,,,,,,,1,,,,,,1,,,,,,,,
"CCN1C=C(C(O)=O)C(=O)c2cc3OCOc3cc12",,,,1,,,,,,,,,,,,,,,,,,,,,,,,,,,,,,,1,,,
"NN[S](=O)(=O)c1ccc(Oc2ccc(cc2)[S](=O)(=O)NN)cc1",1,1,1,,,,,,,,,,,,1,1,,,,,,,0,,,,,,,,,,,,,,,
"CC[S](=O)CCS[P](=O)(OC)OC",,,,1,,,,,,,,,,,,,1,,,,,,,1,,,,,,,,,,,,,,
"Nc1ccc(Oc2ccc(N)cc2)cc1",0,1,1,1,1,,,1,,,,,,,1,1,1,1,,,,,1,,1,,,,,,1,0,,,1,1,,
"O=[O]=O",,,,1,1,,,,,,,,,,,,1,,,,,,,,,,,,,,,,,,1,1,,
"CO[P](=S)(OC)Oc1ccc(cc1)[N+]([O-])=O",,,,1,1,,,,,,,,,,,,,0,1,,,,,1,,1,,,,1,,,,,0,0,0,
"COc1c(Cl)c(Cl)c(Cl)c(Cl)c1Cl",,,,1,1,,,1,,,,,,,,,0,0,,,,,,,,,,,,,,,,,1,1,,
"OC[C@H]1O[C@H](C[C@@H]1O)n2cnc3[C@H](O)CN=CNc23",,,,1,,,1,,,,,,,,,,,,,,,,,1,,,,,,,,,,,,,,
"CC(=O)OO[N+]([O-])=O",,,,1,,,,,,,,,,,,,1,,,,,,,,,,,,,,,,1,,,,,
"CCOc1ccc(NC(C)=O)cc1",,,,1,0,,,0,,,,0,,,,,1,,,,,,,1,,,,,,,,,,1,1,,,
"c1cnc2c(c1)ccc3ncccc23",,,,1,,,,,,,,,,,,,,,,,,,,,,,,,,,,,1,,,,,
"Nc1ccc(N=Nc2ccccc2)c(N)n1",,,,,1,,,1,,,,,,,,,1,1,,,,,,1,,,,,,,,,,,1,1,,
"NNCCc1ccccc1",,,,1,,,,,,,,,,,,,,,,,,,,1,,,,,,,,,,,1,,,
"CCC1(C(=O)NC(=O)NC1=O)c2ccccc2",,,,1,1,,,1,,,,0,,,,,1,1,,,,,,,,,,,,0,,0,,,1,,,
"CC(COc1ccccc1)N(CCCl)Cc2ccccc2",,,,1,1,,,,,,,,,,,,1,1,,,,,,0,,,,,,,,,,,1,1,,
"CN(C)N=Nc1ccccc1",,,,1,,,,,,,,,,,,,,,,,,,,,,,,,,,,,,,1,,,
"Nc1cccc(N)c1",,,,,1,1,,,,,,,,,,,,1,,,,1,,,,,,,0,,,,,,,,,
"Nc1ccccc1N",0,1,1,1,,,,,,,,,,,1,1,,1,,,,,1,,,,,,,,,,,,1,,,
"Nc1ccc(N)cc1",1,1,1,1,1,1,,1,,1,0,1,1,,1,1,1,1,,1,1,1,0,,,,0,0,0,,,,,,0,0,,0
"Nc1ccc(CCc2ccccc2)cc1",,,,1,,,,,,,,,,,,,,,,,,,,,,,,,,1,,,,,,,,
"NNCCc1ccccc1.O[S](O)(=O)=O",,,,1,,,,,,,,,,,,,,,,,,,,,,,,,,,,,,,1,,,
"C1OC1COc2ccccc2",,,,1,,,,,,,,,,,,,,,,,,,,0,,,,,,0,,,,,1,,,
"[H+].[Cl-].NNc1ccccc1",1,1,1,1,,,,,,,,,,,1,1,,,,,,,1,,,,,,,,,,,,1,,,
"Oc1ccccc1c2ccccc2",,,,1,,,,1,,,,,,,,,1,0,1,,,,,,,,,,,,,,,,1,,1,
"CO[P](=S)(OC)SCN1C(=O)c2ccccc2C1=O",,,,,,,,,,,,,,,,,,,0,,,,,,,0,,,,,,,,,,,1,
"CCN(CC)C(=O)\C(Cl)=C(/C)O[P](=O)(OC)OC",,,,1,,,,,,,,1,,,,,1,,,,,,,1,,,,,,1,,,,,,,,
"ClC1C2(Cl)C3C4C5OC5C6C4C1(Cl)C(Cl)(C36)C2(Cl)Cl",,,,1,1,,1,,,,,,,,,,0,0,,,,,,,,,,,,,,,,,0,0,,
"Nc1cc(cc(c1O)[N+]([O-])=O)[N+]([O-])=O",,,,,,,,,0,0,,,,,,,,,,0,0,,,,,,0,0,,,,,,,,,,
"Oc1c(cc(cc1[N+]([O-])=O)[N+]([O-])=O)[N+]([O-])=O",1,1,1,,1,,,,,,,,,,1,0,,0,,0,,,0,,,,,,,,,,,,,,,
"CC1(C)COC1=O",,,,1,,,,,,,,,,,,,,,,,,,,,,,,,,,,,,,1,1,,
"CCC1(C(=O)NCNC1=O)c2ccccc2",,,,1,1,,,,,,,,,,,,0,0,,,,,,,0,,,,,,,,,,,1,,
"COc1cc(NC(C)CCCN)c2ncccc2c1",,,,1,,,,,,,,,,,,,,,,,,,,,,,,,,1,,,,,,,,
"COc1cc(cc(OC)c1OC)[C@H]2[C@@H]3[C@H](COC3=O)[C@@H](O)c4cc5OCOc5cc24",,,,,,,,,,,,1,,,,,1,,,,,,,1,,,,,,,,,,,,,,
"[K+].[K+].[O-][Cr]([O-])(=O)=O",,,,1,,,,,,,,,,,,,1,,,,,,,1,,,,,,,,,,1,,,,
"[K+].[K+].[O-][Cr](=O)(=O)O[Cr]([O-])(=O)=O",,,,1,,,,,,,,1,,,,,1,,,,,,,1,,,,,,,,,,1,,,,
"[H+].[Cl-].CNNCc1ccc(cc1)C(=O)NC(C)C",,,,,0,,1,1,,,,,,,,,,,,,,,,,1,,,,,,,,,,,1,,
"[Cl-].C[n+]1c2cc(N)ccc2cc3ccc(N)cc13.Nc4ccc5cc6ccc(N)cc6nc5c4",,,,1,1,,,,,,,,,,,,,,,,,,,1,,,,,,,,,,,,,,
"O=[S]1(=O)CCCO1",,,,1,,,,,,,,,,,,,1,,,,,,,1,,,,,,,,,,,1,,,
"OCC#C",,,,,1,,,,,,0,,,,,,,,,,,1,,,0,,,,,,,,,,,1,,0
"O=C1CCO1",,,,1,1,,1,,,,,,,,,,1,1,,,,,,0,,,,,,0,,,1,1,1,,,
"CNC(=O)Oc1ccccc1OC(C)C",,,,,,,,,,,,1,,,,,,,,,,,,1,,,,,,,,,,,,,,
"CC=C",,,,1,1,0,,0,,,,,,,,,,,,,,,,,,,,,0,,,,,,0,0,,0
"CC(O)COC(C)(C)C",,,,,1,,,,,,,,,,,,,0,,,,,,,1,,,,,,,,,,,1,,
"CC1CO1",,,,1,1,,1,1,,,,,,,,,1,1,,,,,,1,0,,,,,,1,,,,1,1,,
"CCCN(N=O)C(/N)=N/[N+]([O-])=O",,,,1,,,,,,,,,,,,,1,,,,,,,,,,,,,,,,,,1,,,
"CCCN(N=O)C(N)=O",,,,1,,,,,,,,,,,,,1,,,,,,,1,,,,,,,,,1,,1,,,
"c1cc2ccc3cccc4ccc(c1)c2c34",,,,,,,,,,,,,,,,,,,,,,,,,,,,,,,,,,,,,,
"Oc1cccc(O)c1O",,,,1,1,,,,,,,,,,,,1,,,,,,,1,,,,,,,,,,,,1,,
"Oc1cc(O)c2C(=O)C(=C(Oc2c1)c3ccc(O)c(O)c3)O",,,,1,1,,1,,,,,,,,,,1,1,,,,,,0,0,,,,,0,,,,,1,1,,
"O.O.[Cl-].[H+].[H+].[Cl-].CCN(CC)CCCC(C)Nc1c2ccc(Cl)cc2nc3ccc(OC)cc13",,,,1,,,1,,,,,1,,,,,1,1,,,,,,,0,,,,,0,,,,,,,,
"COc1ccc2nc3cc(Cl)ccc3c(NC(C)CCCN(CCCl)CCCl)c2c1",,,,1,,,1,,,,,,,,,,,,,,,,,1,,,,,,,,,,,,,,
"[H+].[Cl-].COc1ccc2nccc(C(O)C3CC4(CCN3CC4)C=C)c2c1",,,,1,,,,,,,,,,,,,,,,,,,,,,,,,,,,,,,,,,
"c1ccc2ncccc2c1",0,1,1,1,1,1,,1,,,,,,,0,1,1,1,,,,1,1,,,,,,1,,,,1,,1,,,1
"ONc1ccc(cc1)N=O",,,,1,1,,,1,,,,,,,,,1,1,,,,,,0,,,,,,,,0,,,1,1,,
"COc1c(O)c2N(CCc2c3cc([nH]c13)C(=O)N4CCc5c6cc([nH]c6c(OC)c(O)c45)C(=O)N7CC8CC89C7=CC(=O)c%10[nH]cc(C)c9%10)C(N)=O",,,,,,,,,,,,,,,,,1,,,,,,,1,,,,,,,,,1,,1,,,
"C\C=C1\CC(=C)[C@](O)(CO)C(=O)OCC2=CCN3CC[C@@H](OC1=O)[C@@H]23",,,,1,1,,,,,,,,,,,,1,1,,,,,,,,,,,,,,1,1,,,1,,
"OC(=O)c1ccccc1O",,,,,,,,,,,,,,,,,,,,,,,,,,,,,,,,,,,,,,
"O[Se](O)=O",,,,1,,,,,,,,1,,,,,1,,,,,,,1,,,,,,,,,,,,,,
"S=[Se]",,,,1,1,,,1,,,,,,,,,1,1,,,,,,,0,,,,,,1,,,,1,1,,
"C/C=C1/C[C@@H](C)[C@@](C)(O)C(=O)OC\C2=C\CN(C)CC[C@@H](OC1=O)C2=O",,,,1,,,,,,,,,,,,,,,,,,,,,,,,,,,,,,,1,,,
"[Na+].[O-][Cl]=O",,,,1,,,,,,,,0,,,,,1,,,,,,,1,,,,,,,,,,,0,,,
"[Na+].[Na+].[O-][Cr](=O)(=O)O[Cr]([O-])(=O)=O",1,1,1,1,1,,,,,,,,,,1,1,1,,,,,,1,,,,,,,,,,,,1,1,,
"[Na+].CN(C)C([S-])=S",,,,,,1,,,,,0,,,,,,,,,,,0,,,,,,,0,,,,,,,,,
"[Cl-].[Cl-].[Sn++]",,,,1,1,,,0,,,,,,,,,1,1,,,,,,0,0,,,,,1,1,,,,,,,
"COc1cc2O[C@H]3OC=C[C@H]3c2c4Oc5cccc(O)c5C(=O)c14",,,,1,,,,,,,,1,,,,,,,,,,,,,,,,,,,,,,,1,,,
"CN(N=O)C(=O)N[C@H]1[C@@H](O)O[C@H](CO)[C@@H](O)[C@@H]1O",,,,1,,,1,,,,,,,,,,,,,,,,,1,,,,,,,,,1,1,1,,,
"C1OC1c2ccccc2",1,1,1,1,1,1,1,1,,,1,,,,1,1,1,,,,,1,0,0,,,,,,,,,,1,1,1,,
"CCN(CC)C(=S)SCC(Cl)=C",,,,1,,,,,,,,,,,,,,,,,,,,,,,,,,,,,,,1,1,,
"ClCCSCCCl",,,,1,,,1,,,,,,,,,,1,,,,,,,1,,,,,,,,,,,,,,
"Clc1ccc(cc1Cl)N=Nc2ccc(Cl)c(Cl)c2",,,,,0,,,,,,,,,,,,,,,,,,,,1,,,,,,,,,,,1,,
"ClC1=C(Cl)C(=O)C(=C(Cl)C1=O)Cl",0,1,1,,1,,,,,,,,,,1,1,,,,,,,0,,,,,,,,,,,,,,,
"CN(C)C(=S)SC(=S)N(C)C",,,,1,,,,,,,,,,,,,,,,,,,,1,,,,,,,,,,,,,,
"[O-][N+](=O)C([N+]([O-])=O)([N+]([O-])=O)[N+]([O-])=O",,,,1,1,,,,,,,,,,,,1,1,,,,,,,,,,,,,,,,,1,1,,
"[nH]1c2ccccc2nc1c3cscn3",,,,,1,,1,,,,,,,,,,,,,,,,,1,,,,,,,,,,1,,,,
"Nc1ccc(Sc2ccc(N)cc2)cc1",,,,1,1,,,,,,,,,,,,1,1,,,,,,,,,,,,,,,,,1,1,,
"S=[P](N1CC1)(N2CC2)N3CC3",,,,1,1,,,,,,,,,,,,1,,,,,,,1,,,,,,1,,,1,,1,1,,
"CN(C)C(=S)SSC(=S)N(C)C",,,,1,,,1,,,,,1,,,,,1,,,,,,,1,,,,,,,,,,0,0,,,
"CC[S](=O)(=O)CCn1c(C)ncc1[N+]([O-])=O",,,,1,,,0,,,,,,,,,,,,,,,,,1,,,,,,,,,,,,,,
"Cc1ccc(cc1)[S](=O)(=O)NC(=O)NN2CCCCCC2",,,,,,,,0,,,,,,,,,,0,,,,,,,,,,,,,,,,,,0,,
"Cc1ccc(cc1N=C=O)N=C=O",0,1,1,1,1,,,1,,,,,,,0,0,0,0,,,,,0,,,,,,,,,,,,1,,,
"Cc1c(cccc1N=C=O)N=C=O",0,1,1,,1,,,1,,,,,,,1,1,,,,,,,0,,,,,,,,,,,,,,,
"Cc1ccccc1N",,,,1,1,,,1,,,,,,,,,,,,,,,,,,,,,,0,,,,1,1,1,,
"[H+].[Cl-].Cc1ccc(N)cc1",,,,1,,,,,,,,,,,,,,,,,,,,,,,,,,,,,,,1,,,
"ClCC1(CCl)C(=C)C2(Cl)C(Cl)C(Cl)C1(Cl)C2(Cl)Cl",,,,1,,,,,,,,1,,,,,,,,,,,,,,,,,,,,,,,1,1,,
"C[S](=O)(=O)OCC(O)C(O)CO[S](C)(=O)=O",,,,1,1,,1,,,,,,,,,,,,,,,,,1,1,,,,,,,,,,,,,
"CC(C)N(C(C)C)C(=O)SCC(Cl)=C(Cl)Cl",,,,,,,,,,,,,,,,,,,,,,,,,,0,,,,,,,,,,,1,
"Nc1nc(N)c(N)c(O[S](O)(=O)=O)n1",,,,,,,,,0,,,,,,,,,,,1,,,,,,,0,,,,,,,,,,,
"CCCCCCCC(=O)OCC(COC(=O)CCCCCCC)OC(=O)CCCCCCC",,,,,,,,,,,,,,,,,,,,,,,,,,,,,,,,,,,,,,
"O=C1C=C(N2CC2)C(=O)C(=C1N3CC3)N4CC4",,,,1,,,,,,,,,,,,,1,,,,,,,1,,,,,,,,,,,1,,,
"O=C1C=C(N2CC2)C(=O)C(=C1N3CC3)N4CC4",,,,1,,,,,,,,,,,,,,,,,,,,1,,,,,,,,,,,,,,
"BrC(Br)Br",,,,1,1,,,1,,,,,,,,,1,0,,,,,,0,0,,,,,,,0,,,1,1,,
"CO[P](=O)(OC)C(O)C(Cl)(Cl)Cl",,,,,1,,1,1,,,,,,,,,,1,,,,,,,0,,,,,,,,,,,,,
"ClC(Cl)(Cl)SN1C(=O)c2ccccc2C1=O",,,,1,,,,,,,,,,,,,1,,,,,,,,,,,,,,,,,,1,,,
"CN(C)N=Nc1c(Cl)cc(Cl)cc1Cl",,,,1,,,,,,,,,,,,,,,,,,,,1,1,,,,,,,,,,,,,
"ClC(Cl)(Cl)C1CO1",,,,1,,,,,,,,,,,,,1,,,,,,,,,,,,,1,,,,,,,,
"CC(Cl)(Cl)Cl",,,,0,0,,,,,,,,,,,,,1,,,,,,,,,,,,,,,,,,,,
"ClCC(Cl)CCl",,,,1,1,,1,1,,,,1,,,,,1,1,,,,,,,,,,,,,,0,,,1,1,,
"C1CN1c2nc(nc(n2)N3CC3)N4CC4",,,,1,,,1,,,,,1,,,,,1,,,,,,,1,1,,,,,,,,,,,,,
"[O-][N+](=O)c1oc(cc1)c2csc(NC(=O)C(F)(F)F)n2",,,,1,,,,,,,,,,,,,,,,,,,,,,,,,,,,,,,1,,,
"CCCN(CCC)c1c(cc(cc1[N+]([O-])=O)C(F)(F)F)[N+]([O-])=O",,,,1,1,,0,,,,,,,,,,0,0,,,,,,,,,,,,,,,,,1,1,,
"Oc1ccc(O)c(O)c1",,,,,,,,,0,0,,,,,,,,,,,0,,,,,,,0,,,,,,,,,,
"Cc1cc(C)c(N)cc1C",,,,1,1,,,,,,,,,,,,1,1,,,,,,,,,,,,,,,,,1,1,,
"[Cl-].Cc1cc(C)c([NH3+])c(C)c1",,,,1,,,,,,,,,,,,,,,,,,,,,,,,,,,,,,1,1,,,
"CO[P](=O)(OC)OC",,,,1,1,,,,,,,,,,,,1,1,,,,,,1,1,,,,,,1,,,,1,1,,
"[O-][N+](=O)OCC(CO[N+]([O-])=O)O[N+]([O-])=O",,,,1,,,,,,,,,,,,,,,,,,,,,,,,,,,,,,,1,,,
"BrCC(Br)CO[P](=O)(OCC(Br)CBr)OCC(Br)CBr",,,,1,,,,,,,,,,,,,1,,,,,,,,,,,,,,,,1,,1,1,,
"O=C1N(CC2CO2)C(=O)N(CC3CO3)C(=O)N1CC4CO4",1,1,1,,1,,,,,,,,,,1,1,,1,,,,,1,,,,,,,,,,,,,,,
"ClCCN(CCCl)[P]1(=O)OCCCN1CCCl",,,,1,,,,,,,,,,,,,,,,,,,,1,,,,,,,,,,,,,,
"ClCCN(CCCl)C1=CNC(=O)NC1=O",,,,1,,,1,,,,,,,,,,,,,,,,,,,,,,,,,,,,1,,,
"CCOC(N)=O",,,,1,,,0,,,,,0,,,,,1,0,,,,,,1,1,,,,,1,,,1,,1,1,,
"Cc1c[nH]c2C(=O)C=C3N(C[C@H]4CC34c12)C(=O)c5[nH]c6ccc(NC(=O)c7[nH]c8ccccc8c7)cc6c5",,,,1,,,,,,,,,,,,,,,,,,,,,,,,,,1,,,,,,,,
"COC(=O)\C=C(/C)C1CCC(=CC1C(=O)OC)C",,,,1,,,,,,,,,,,,,,,,,,,,,,,,,,1,,,,,,,,
"CCO[P](=S)(OCC)O\N=C(C#N)\c1ccccc1",,,,1,,,,,,,,,,,,,,,,,,,,,,,,,,1,,,,,,,,
"BrC=C",,,,1,,,,,,,,,,,,,,,,,,,,0,,,,,,,,,,1,1,,,
"NC(=O)OC=C",,,,1,,,,,,,,,,,,,,,,,,,,1,,,,,,,,,,,1,,,
"NC(=O)OC1CO1",,,,1,,,,,,,,,,,,,,,,,,,,1,,,,,,,,,,,,,,
"ClC=C",,,,1,,1,,,,,1,,,,,,,,,,,,,1,,,,,1,,,,,,1,,,1
"ClC(Cl)=C",,,,0,0,1,1,1,,,1,,,,,,,,,,,1,,,0,,,,0,,,,,,,0,,0
"Cc1cccc(C)c1N",0,1,1,,1,,,,,,,,,,1,1,,1,,,,,,,,,,,,,,,,,,1,,
"[H+].[Cl-].Cc1ccc(N)c(C)c1",,,,1,,,,,,,,,,,,,,,,,,,,,,,,,,,,,,,1,,,
"[H+].[Cl-].Cc1ccc(C)c(N)c1",,,,1,,,,,,,,,,,,,,,,,,,,,,,,,,,,,,,1,,,
"[Zn++].CN(C)C([S-])=S.CN(C)C([S-])=S",,,,1,1,,,1,,,,,,,,,1,1,,,,,,1,,,,,,,,,,,1,1,,
"[Zn](|P=[Zn])|P=[Zn]",,,,,,,,,,,,,,,,,,,,,,,,1,,,,,,1,,,,,,,,
