CAS-RN,SMILES,train/test,LC50,CIC0,SM1_Dz(Z),GATS1i,NdsCH,NdssC,MLOGP
10-15-1,ClCCOC(=O)NC1CCCCC1,train,3.770,3.26,0.829,1.676,0,1,1.453
100-01-6,Nc1ccc(cc1)N(=O)=O,train,3.115,2.189,0.58,0.863,0,0,1.348
100-02-7,Oc1ccc(cc1)N(=O)=O,train,3.531,2.125,0.638,0.831,0,0,1.348
100-10-7,O=Cc1ccc(cc1)N(C)C,train,3.510,3.027,0.331,1.472,1,0,1.807
100-25-4,O=N(=O)c1ccc(cc1)N(=O)=O,train,5.390,2.094,0.827,0.86,0,0,1.886
100-37-8,OCCN(CC)CC,train,1.819,3.222,0.331,2.177,0,0,0.706
100-41-4,CCc1ccccc1,train,3.947,3.179,0,1.063,0,0,2.942
100-42-5,C=Cc1ccccc1,train,3.513,3,0,0.938,1,0,2.851
100-44-7,ClCc1ccccc1,train,4.402,2.62,0.499,0.99,0,0,2.942
100-46-9,NCc1ccccc1,train,3.021,2.834,0.134,0.95,0,0,1.591
100-47-0,N#Cc1ccccc1,train,3.210,2.405,0.134,0.843,0,0,1.769
100-51-6,OCc1ccccc1,train,2.371,2.728,0.223,0.953,0,0,1.591
100-52-7,O=Cc1ccccc1,train,3.919,2.512,0.223,0.929,1,0,1.769
100-61-8,CNc1ccccc1,train,3.030,2.834,0.134,1.237,0,0,1.859
100-64-1,ON=C1CCCCC1,test,2.736,2.819,0.331,1.271,0,1,0.981
100-70-9,N#Cc1ccccn1,train,2.157,2.126,0.251,1.114,0,0,0.143
100-71-0,CCc1ccccn1,train,2.413,2.834,0.134,1.322,0,0,1.199
100-79-8,OCC1COC(O1)(C)C,train,0.898,3.014,0.56,1.781,0,0,-0.115
100-97-0,C1N2CN3CN1CN(C2)C3,train,0.450,3.024,0.452,2.698,0,0,1.107
10031-82-0,CCOc1ccc(cc1)C=O,train,3.733,3.036,0.405,1.205,1,0,1.807
10042-84-9,OC(=O)CN(CC(=O)O)CC(=O)O,test,2.976,2.707,0.972,1.889,0,3,-1.169
101-20-2,O=C(Nc1ccc(c(c1)Cl)Cl)Nc1ccc(cc1)Cl,train,6.535,2.978,1.246,1.103,0,1,3.988
101-55-3,Brc1ccc(cc1)Oc1ccccc1,train,5.643,3.111,0.732,0.923,0,0,4.068
101-84-8,c1ccc(cc1)Oc1ccccc1,train,4.629,3.315,0.223,0.96,0,0,3.395
101836-92-4,O=N(=O)c1cc(N(=O)=O)c(c2c1cccc2)O,train,4.838,2.71,0.93,0.724,0,0,2.526
102-08-9,S=C(Nc1ccccc1)Nc1ccccc1,train,4.081,3.326,0.647,0.986,0,1,3.112
102-27-2,CCNc1cccc(c1)C,test,3.436,3.332,0.134,1.294,0,0,2.51
102-69-2,CCCN(CCC)CCC,test,3.450,3.896,0.134,1.984,0,0,2.591
102-71-6,OCCN(CCO)CCO,test,1.102,3.155,0.638,2.128,0,0,-0.937
10202-92-3,O=N(=O)c1ccc(c(c1C)N(=O)=O)N,train,4.257,2.479,0.887,0.954,0,0,1.748
10222-01-2,N#CC(C(=O)N)(Br)Br,test,5.386,1.075,1.161,0.865,0,1,0.024
103-05-9,CC(CCc1ccccc1)(O)C,train,3.393,3.645,0.223,1.155,0,0,2.837
103-76-4,OCCN1CCNCC1,train,1.308,3.079,0.429,2.135,0,0,-0.521
103-83-3,CN(Cc1ccccc1)C,train,3.554,3.332,0.134,1.519,0,0,2.242
103-90-2,CC(=O)Nc1ccc(cc1)O,test,2.269,2.726,0.496,1.179,0,1,1.06
104-13-2,CCCCc1ccc(cc1)N,train,4.165,3.532,0.134,1.11,0,0,2.813
104-40-5,CCCCCCCCCc1ccc(cc1)O,train,5.896,4.216,0.223,1.248,0,0,5.089
104-51-8,CCCCc1ccccc1,train,4.829,3.605,0,1.15,0,0,3.562
104-55-2,O=CC=Cc1ccccc1,train,4.590,2.918,0.223,0.944,3,0,2.066
104-67-6,CCCCCCCC1CCC(=O)O1,test,2.092,3.833,0.405,1.522,0,1,3.492
104-76-7,CCCCC(CO)CC,train,3.665,3.669,0.223,1.599,0,0,2.274
104-87-0,O=Cc1ccc(cc1)C,train,3.560,2.824,0.223,1,1,0,2.102
104-88-1,O=Cc1ccc(cc1)Cl,train,4.805,2.233,0.64,0.92,1,0,2.37
104-90-5,CCc1ccc(nc1)C,train,3.174,3.103,0.134,1.344,0,0,1.533
10453-86-8,CC(=CC1C(C1(C)C)C(=O)OCc1coc(c1)Cc1ccccc1)C,train,7.899,4.413,0.56,1.17,1,2,3.906
105-14-6,CCN(CCCC(=O)C)CC,train,2.670,3.641,0.331,1.933,0,1,1.565
105-53-3,CCOC(=O)CC(=O)OCC,train,4.016,3.073,0.693,1.851,0,2,0.787
105-67-9,Cc1ccc(c(c1)C)O,train,3.857,3.012,0.223,1.023,0,0,2.193
105-75-9,CCCCOC(=O)C=CC(=O)OCCCC,test,5.522,3.818,0.693,1.627,2,2,2.217
105-99-7,CCCCOC(=O)CCCCC(=O)OCCCC,train,4.851,4.171,0.693,1.678,0,2,2.849
106-23-0,O=CCC(CCC=C(C)C)C,train,3.840,3.734,0.223,1.45,2,1,2.642
106-24-1,OCC=C(CCC=C(C)C)C,train,4.586,3.734,0.223,1.374,2,2,2.642
106-37-6,Brc1ccc(cc1)Br,train,5.284,2.126,0.977,0.771,0,0,3.795
106-40-1,Nc1ccc(cc1)Br,train,3.559,2.216,0.679,0.764,0,0,2.296
106-42-3,Cc1ccc(cc1)C,test,4.091,3.179,0,1.063,0,0,2.942
106-43-4,Cc1ccc(cc1)Cl,test,4.330,2.62,0.499,0.99,0,0,3.21
106-44-5,Cc1ccc(cc1)O,train,3.755,2.728,0.223,0.953,0,0,1.859
106-46-7,Clc1ccc(cc1)Cl,train,4.552,2.126,0.83,0.899,0,0,3.478
106-47-8,Nc1ccc(cc1)Cl,train,3.620,2.216,0.582,0.839,0,0,2.127
106-48-9,Oc1ccc(cc1)Cl,train,4.459,2.086,0.64,0.838,0,0,2.127
106-49-0,Cc1ccc(cc1)N,train,2.827,2.834,0.134,0.95,0,0,1.859
106-51-4,O=C1C=CC(=O)C=C1,train,6.380,2.126,0.405,0.917,4,2,0.411
106-63-8,C=CC(=O)OCC(C)C,train,4.786,3.08,0.405,1.609,1,1,1.619
106-89-8,ClCC1CO1,train,3.861,1.636,0.64,1.695,0,0,0.408
106-94-5,CCCBr,train,3.262,2.219,0.604,1.537,0,0,2.026
107-02-8,C=CC=O,test,6.297,1.594,0.223,1.333,2,0,0.094
107-05-1,ClCC=C,train,3.546,1.818,0.499,1.468,1,0,1.672
107-06-2,ClCCCl,train,2.920,1.5,0.83,1.891,0,0,1.817
107-07-3,OCCCl,train,3.203,1.512,0.64,1.844,0,0,0.347
107-10-8,CCCN,train,2.283,2.56,0.134,1.758,0,0,0.347
107-12-0,CCC#N,train,1.559,1.818,0.134,1.445,0,0,0.202
107-13-1,C=CC#N,train,3.470,1.359,0.134,1.13,1,0,0.094
107-14-2,ClCC#N,train,4.748,0.667,0.582,1.361,0,0,0.202
107-15-3,NCCN,train,2.576,2.333,0.251,1.946,0,0,-1.053
107-18-6,OCC=C,train,5.259,2.026,0.223,1.429,1,0,0.202
107-19-7,OCC#C,train,4.564,1.594,0.223,1.068,0,0,0.202
107-20-0,ClCC=O,test,4.370,0.965,0.64,1.695,1,0,0.202
107-21-1,OCCO,train,0.053,1.951,0.405,1.878,0,0,-1.053
107-22-2,O=CC=O,test,2.381,1,0.405,1.5,2,0,-1.306
107-29-9,CC=NO,train,2.891,1.512,0.331,1.627,1,0,-0.386
107-41-5,CC(CC(O)(C)C)O,train,1.088,3.219,0.405,1.605,0,0,0.706
107-45-9,CC(CC(N)(C)C)(C)C,train,3.721,3.74,0.134,1.581,0,0,2.274
107-47-1,CC(SC(C)(C)C)(C)C,train,3.701,3.669,0.486,1.374,0,0,3.291
107-49-3,CCOP(=O)(OP(=O)(OCC)OCC)OCC,train,6.083,3.57,1.374,2.259,0,0,2.05
107-64-2,CCCCCCCCCCCCCCCCCC[N+](CCCCCCCCCCCCCCCCCC)(C)C,train,4.628,5.926,0.134,1.671,0,0,6.203
107-75-5,O=CCC(CCCC(O)(C)C)C,train,3.700,3.802,0.405,1.527,1,0,1.869
107-87-9,CCCC(=O)C,train,1.842,2.802,0.223,1.6,0,1,1.064
1071-83-6,OC(=O)CNCP(=O)(O)O,train,3.396,2.242,1.096,1.907,0,1,-1.96
1072-97-5,Nc1ccc(cn1)Br,test,2.990,1.94,0.749,1.066,0,0,1.492
108-05-4,CC(=O)OC=C,train,3.573,2.126,0.405,1.69,1,1,0.479
108-10-1,CC(CC(=O)C)C,test,2.271,3.08,0.223,1.583,0,1,1.442
108-20-3,CC(OC(C)C)C,train,2.085,3.277,0.223,1.869,0,0,1.587
108-38-3,Cc1cccc(c1)C,train,3.822,3.179,0,1.063,0,0,2.942
108-39-4,Cc1cccc(c1)O,train,3.290,2.728,0.223,0.953,0,0,1.859
108-41-8,Cc1cccc(c1)Cl,train,3.840,2.62,0.499,0.99,0,0,3.21
108-42-9,Nc1cccc(c1)Cl,train,3.979,2.216,0.582,0.839,0,0,2.127
108-44-1,Cc1cccc(c1)N,train,3.470,2.834,0.134,0.95,0,0,1.859
108-46-3,Oc1cccc(c1)O,test,3.314,2.359,0.405,0.814,0,0,0.893
108-59-8,COC(=O)CC(=O)OC,train,4.031,2.565,0.693,1.987,0,2,0.057
108-70-3,Clc1cc(Cl)cc(c1)Cl,train,4.740,2.085,1.079,0.895,0,0,4.063
108-86-1,Brc1ccccc1,train,4.194,2.26,0.604,0.836,0,0,3.045
108-88-3,Cc1ccccc1,test,3.447,2.91,0,1,0,0,2.608
108-89-4,Cc1ccncc1,train,2.364,2.512,0.134,1.293,0,0,0.846
108-90-7,Clc1ccccc1,train,3.645,2.26,0.499,0.907,0,0,2.876
108-93-0,OC1CCCCC1,train,2.070,3.08,0.223,1.385,0,0,1.195
108-94-1,O=C1CCCCC1,train,2.270,2.866,0.223,1.333,0,1,1.05
108-95-2,Oc1ccccc1,train,3.513,2.386,0.223,0.857,0,0,1.506
108-99-6,Cc1cccnc1,test,2.811,2.512,0.134,1.293,0,0,0.846
1080-32-6,CCOP(=O)(Cc1ccccc1)OCC,train,2.832,3.509,0.854,1.478,0,0,2.248
109-01-3,CN1CCNCC1,train,1.639,2.98,0.251,2.261,0,0,-0.063
109-06-8,Cc1ccccn1,test,2.016,2.512,0.134,1.293,0,0,0.846
109-07-9,CC1CNCCN1,train,1.651,2.98,0.251,1.959,0,0,-0.063
109-21-7,CCCCOC(=O)CCC,train,4.097,3.462,0.405,1.717,0,1,2.06
109-52-4,CCCCC(=O)O,train,3.123,2.755,0.405,1.559,0,1,0.996
109-60-4,CCCOC(=O)C,train,3.231,2.755,0.405,1.844,0,1,0.996
109-64-8,BrCCCBr,train,5.052,2.024,0.977,1.328,0,0,2.604
109-65-9,CCCCBr,test,3.572,2.609,0.604,1.529,0,0,2.419
109-73-9,CCCCN,train,2.436,2.878,0.134,1.684,0,0,0.8
109-75-1,C=CCC#N,train,2.567,1.961,0.134,1.215,1,0,0.548
109-76-2,NCCCN,train,1.795,2.665,0.251,1.762,0,0,-0.534
109-77-3,N#CCC#N,train,5.072,1.251,0.251,1.126,0,0,-0.786
109-85-3,COCCN,test,2.156,2.377,0.331,2.111,0,0,-0.534
109-87-5,COCOC,train,1.037,2.366,0.405,2.606,0,0,-0.128
109-89-7,CCNCC,train,1.932,2.878,0.134,2.102,0,0,0.8
109-97-7,c1ccc[nH]1,test,2.505,1.961,0.134,1.27,0,0,0.156
109-99-9,C1CCCO1,train,1.524,2.462,0.223,1.669,0,0,0.408
110-00-9,c1ccco1,train,3.048,1.778,0.223,1.203,0,0,0.156
110-06-5,CC(SSC(C)(C)C)(C)C,train,5.115,3.609,0.811,1.189,0,0,3.291
110-12-3,CC(CCC(=O)C)C,train,2.856,3.316,0.223,1.571,0,1,1.795
110-16-7,OC(=O)C=CC(=O)O,train,4.366,2,0.693,1.128,2,2,-0.45
110-40-7,CCOC(=O)CCCCCCCCC(=O)OCC,train,4.976,4.171,0.693,1.678,0,2,2.849
110-43-0,CCCCCC(=O)C,train,2.940,3.316,0.223,1.571,0,1,1.795
110-54-3,CCCCCC,train,4.538,3.441,0,1.667,0,0,3.516
110-56-5,ClCCCCCl,train,3.391,2.429,0.83,1.696,0,0,2.604
110-58-7,CCCCCN,train,2.692,3.143,0.134,1.641,0,0,1.209
110-62-3,CCCCC=O,train,3.825,2.802,0.223,1.6,1,0,1.064
110-65-6,OCC#CCO,test,3.206,2.126,0.405,1.127,0,0,-0.226
110-73-6,OCCNCC,train,1.780,2.709,0.331,2.072,0,0,-0.081
110-80-5,OCCOCC,train,0.533,2.701,0.405,2.003,0,0,-0.081
110-82-7,C1CCCCC1,train,3.299,3.252,0,1.417,0,0,3.124
110-86-1,c1cccnc1,train,2.914,2.111,0.134,1.253,0,0,0.468
110-88-3,O1COCOC1,train,1.180,2.085,0.56,2.451,0,0,-0.544
110-93-0,CC(=O)CCC=C(C)C,test,3.168,3.361,0.223,1.437,1,2,2.021
111-13-7,CCCCCCC(=O)C,train,3.446,3.52,0.223,1.562,0,1,2.129
111-15-9,CCOCCOC(=O)C,train,3.496,3.014,0.56,1.987,0,1,0.538
111-25-1,CCCCCCBr,train,4.680,3.181,0.604,1.52,0,0,3.126
111-26-2,CCCCCCN,train,3.252,3.369,0.134,1.614,0,0,1.587
111-27-3,CCCCCCO,test,2.980,3.277,0.223,1.633,0,0,1.587
111-30-8,O=CCCCC=O,train,3.936,2.507,0.405,1.5,2,0,0.076
111-31-9,CCCCCCS,train,5.470,3.277,0.486,1.416,0,0,2.604
111-42-2,OCCNCCO,train,1.842,2.67,0.496,2.047,0,0,-0.917
111-46-6,OCCOCCO,train,0.150,2.704,0.56,1.965,0,0,-0.917
111-47-7,CCCSCCC,test,3.736,3.277,0.486,1.343,0,0,2.604
111-68-2,CCCCCCCN,test,3.719,3.566,0.134,1.595,0,0,1.94
111-69-3,N#CCCCCC#N,train,1.749,2.594,0.251,1.287,0,0,0.454
111-70-6,CCCCCCCO,test,3.507,3.485,0.223,1.614,0,0,1.94
111-71-7,CCCCCCC=O,test,3.979,3.316,0.223,1.571,1,0,1.795
111-83-1,CCCCCCCCBr,train,5.363,3.596,0.604,1.515,0,0,4.673
111-86-4,CCCCCCCCN,test,4.396,3.74,0.134,1.581,0,0,3.186
111-87-5,CCCCCCCCO,train,3.984,3.669,0.223,1.599,0,0,3.186
111-90-0,OCCOCCOCC,train,1.020,3.199,0.56,2.033,0,0,-0.129
111-91-1,ClCCOCOCCCl,train,2.973,2.57,1.028,2.137,0,0,1.466
112-05-0,CCCCCCCCC(=O)O,test,3.182,3.641,0.405,1.531,0,1,3.289
112-12-9,CCCCCCCCCC(=O)C,test,5.055,4.005,0.223,1.545,0,1,3.953
112-20-9,CCCCCCCCCN,train,4.822,3.896,0.134,1.571,0,0,3.503
112-27-6,OCCOCCOCCO,train,0.330,3.201,0.693,2.004,0,0,-0.937
112-30-1,CCCCCCCCCCO,test,4.819,3.98,0.223,1.578,0,0,3.806
112-42-5,CCCCCCCCCCCO,train,5.219,4.114,0.223,1.571,0,0,4.098
112-53-8,CCCCCCCCCCCCO,test,5.268,4.237,0.223,1.565,0,0,4.379
112-80-1,CCCCCCCCC=CCCCCCCCC(=O)O,train,3.139,4.63,0.405,1.458,2,1,5.579
1122-54-9,CC(=O)c1ccncc1,train,2.858,2.456,0.331,1.259,0,1,0.496
1126-46-1,COC(=O)c1ccc(cc1)Cl,train,4.191,2.536,0.764,1.165,0,1,2.619
1126-79-0,CCCCOc1ccccc1,train,4.416,3.461,0.223,1.281,0,0,2.813
1129-35-7,COC(=O)c1ccc(cc1)C#N,test,3.537,2.641,0.496,1.077,0,1,1.697
114-26-1,CNC(=O)Oc1ccccc1OC(C)C,test,4.380,3.38,0.638,1.506,0,1,1.57
115-19-5,C#CC(O)(C)C,train,1.408,2.544,0.223,1.245,0,0,1.064
115-20-8,OCC(Cl)(Cl)Cl,train,2.936,1.279,1.16,1.714,0,0,1.209
115-29-7,O=S1OCC2C(CO1)C1(C(C2(Cl)C(=C1Cl)Cl)(Cl)Cl)Cl,test,8.471,2.572,1.834,1.35,0,2,3.115
115-32-2,OC(C(Cl)(Cl)Cl)(c1ccc(cc1)Cl)c1ccc(cc1)Cl,train,5.861,3.222,1.501,0.872,0,0,5.149
115-86-6,O=P(Oc1ccccc1)(Oc1ccccc1)Oc1ccccc1,train,5.574,3.728,0.956,1.17,0,0,4.789
115-90-2,CCOP(=S)(Oc1ccc(cc1)S(=O)C)OCC,test,3.852,3.358,1.348,1.328,0,0,1.89
116-06-3,CNC(=O)ON=CC(SC)(C)C,train,5.244,2.96,0.88,1.53,1,1,0.787
117-81-7,CCCCC(COC(=O)c1ccccc1C(=O)OCC(CCCC)CC)CC,train,2.548,4.81,0.693,1.42,0,2,5.426
118-55-8,O=C(c1ccccc1O)Oc1ccccc1,train,5.276,3.311,0.56,0.927,0,1,3.461
118-61-6,CCOC(=O)c1ccccc1O,train,3.924,3.023,0.56,1.168,0,1,2.294
118-74-1,Clc1c(Cl)c(Cl)c(c(c1Cl)Cl)Cl,train,6.379,2.585,1.586,0.917,0,0,5.207
118-79-6,Brc1cc(Br)c(c(c1)Br)O,train,4.705,1.925,1.318,0.595,0,0,3.764
118-96-7,O=N(=O)c1cc(N(=O)=O)c(c(c1)N(=O)=O)C,train,4.960,2.454,1.075,0.951,0,0,2.359
119-32-4,Nc1ccc(c(c1)N(=O)=O)C,train,3.766,2.508,0.58,0.941,0,0,1.701
119-34-6,Nc1ccc(c(c1)N(=O)=O)O,test,3.641,2.222,0.711,0.849,0,0,0.828
119-61-9,O=C(c1ccccc1)c1ccccc1,train,4.108,3.389,0.223,0.849,0,1,3.587
1194-65-6,N#Cc1c(Cl)cccc1Cl,train,4.420,2.031,0.891,0.822,0,0,2.956
1198-55-6,Oc1c(O)c(Cl)c(c(c1Cl)Cl)Cl,train,5.290,1.965,1.408,0.709,0,0,2.736
120-07-0,OCCN(c1ccccc1)CCO,train,2.392,3.351,0.496,1.466,0,0,1.097
120-21-8,CCN(c1ccc(cc1)C=O)CC,train,3.870,3.452,0.331,1.476,1,0,2.402
120-62-7,CCCCCCCCS(=O)C(Cc1ccc2c(c1)OCO2)C,train,5.642,4.288,0.865,1.327,0,0,4.295
120-80-9,Oc1ccccc1O,train,4.287,2.359,0.405,0.814,0,0,0.893
120-82-1,Clc1ccc(c(c1)Cl)Cl,train,4.790,2.085,1.079,0.895,0,0,4.063
120-83-2,Clc1ccc(c(c1)Cl)O,train,4.296,1.962,0.934,0.819,0,0,2.729
1204-21-3,COc1ccc(c(c1)C(=O)CBr)OC,train,6.607,3.041,0.947,1.298,0,1,1.976
121-14-2,O=N(=O)c1ccc(c(c1)N(=O)=O)C,train,3.759,2.377,0.827,0.938,0,0,2.239
121-32-4,CCOc1cc(C=O)ccc1O,train,3.278,3.023,0.56,1.168,1,0,1.239
121-33-5,COc1cc(C=O)ccc1O,test,3.118,2.777,0.56,1.127,1,0,0.922
121-57-3,Nc1ccc(cc1)S(=O)(=O)O,train,3.237,2.218,0.923,1.074,0,0,0.291
121-69-7,CN(c1ccccc1)C,train,3.267,3.103,0.134,1.521,0,0,2.193
121-73-3,Clc1cccc(c1)N(=O)=O,train,3.933,1.822,0.829,0.834,0,0,2.509
121-75-5,CCOC(=O)CC(C(=O)OCC)SP(=S)(OC)OC,test,4.486,3.459,1.47,1.483,0,2,0.491
121-82-4,O=N(=O)N1CN(CN(C1)N(=O)=O)N(=O)=O,test,4.305,2.442,1.211,2.254,0,0,1.401
121-87-9,O=N(=O)c1ccc(c(c1)Cl)N,train,3.927,1.945,0.889,0.835,0,0,1.969
122-03-2,O=Cc1ccc(cc1)C(C)C,train,4.350,3.315,0.223,1.1,1,0,2.723
122-14-5,COP(=S)(Oc1ccc(c(c1)C)N(=O)=O)OC,test,4.809,2.868,1.286,1.294,0,0,1.919
122-34-9,CCNc1nc(NCC)nc(n1)Cl,test,4.499,2.971,0.859,2.162,0,0,2.273
122-39-4,c1ccc(cc1)Nc1ccccc1,train,4.650,3.378,0.134,0.988,0,0,3.395
122-99-6,OCCOc1ccccc1,train,2.604,2.961,0.405,1.189,0,0,1.312
123-05-7,CCCCC(C=O)CC,train,3.629,3.52,0.223,1.562,1,0,2.129
123-07-9,CCc1ccc(cc1)O,train,4.070,3.012,0.223,1.023,0,0,2.193
123-11-5,COc1ccc(cc1)C=O,test,2.930,2.778,0.405,1.17,1,0,1.49
123-15-9,CC(C=O)CCC,train,3.727,3.08,0.223,1.583,1,0,1.442
123-25-1,CCOC(=O)CCC(=O)OCC,test,3.095,3.281,0.693,1.808,0,2,1.121
123-31-9,Oc1ccc(cc1)O,train,6.400,2.359,0.405,0.814,0,0,0.893
123-38-6,CCC=O,train,2.650,2.026,0.223,1.667,1,0,0.202
123-54-6,CC(=O)CC(=O)C,train,2.851,2.507,0.405,1.5,0,2,0.076
123-66-0,CCCCCC(=O)OCC,train,4.208,3.462,0.405,1.717,0,1,2.06
123-72-8,CCCC=O,train,3.654,2.462,0.223,1.625,1,0,0.655
123-86-4,CCCCOC(=O)C,train,3.810,3.026,0.405,1.787,0,1,1.373
123-91-1,O1CCOCC1,train,0.931,2.429,0.405,1.954,0,0,-0.473
124-04-9,OC(=O)CCCCC(=O)O,train,3.178,2.836,0.693,1.43,0,2,0.434
124-22-1,CCCCCCCCCCCCN,train,6.255,4.285,0.134,1.551,0,0,4.379
126-11-4,OCC(N(=O)=O)(CO)CO,train,2.732,2.534,0.872,1.619,0,0,-1.186
126-73-8,CCCCOP(=O)(OCCCC)OCCCC,test,4.448,4.077,0.956,1.909,0,0,3.234
126-81-8,O=C1CC(=O)CC(C1)(C)C,train,1.086,3.137,0.405,1.312,0,2,0.749
127-00-4,CC(CCl)O,train,2.586,2.034,0.64,1.727,0,0,0.8
127-06-0,ON=C(C)C,train,2.117,2.034,0.331,1.56,0,1,0.133
127-18-4,ClC(=C(Cl)Cl)Cl,train,3.955,1.667,1.278,1.5,0,2,2.459
127-65-1,ClNS(=O)(=O)c1ccc(cc1)C,train,4.278,2.283,1.07,1.223,0,0,1.112
127-66-2,C#CC(c1ccccc1)(O)C,test,3.112,3.164,0.223,0.909,0,0,2.455
12789-03-6,ClC1CC2C(C1Cl)C1(C(C2(Cl)C(=C1Cl)Cl)(Cl)Cl)Cl,train,6.897,3.03,1.821,1.027,0,2,5.469
128-03-0,CN(C(=S)S)C,test,6.424,2.031,0.872,1.475,0,1,0.202
128-37-0,Cc1cc(c(c(c1)C(C)(C)C)O)C(C)(C)C,test,5.780,4.216,0.223,1.248,0,0,4.177
128-44-9,OC1=NS(=O)(=O)c2c1cccc2,test,1.050,2.119,0.923,1.179,0,1,0.982
129171-90-0,CCCCCCCCOC(=O)C(O)C,train,3.926,3.914,0.56,1.637,0,1,3.048
13071-79-9,CCOP(=S)(SCSC(C)(C)C)OCC,test,6.284,3.542,1.38,1.264,0,0,1.971
131-11-3,COC(=O)c1ccccc1C(=O)OC,train,3.451,3.102,0.693,1.316,0,2,2.005
13171-21-6,CCN(C(=O)C(=C(OP(=O)(OC)OC)C)Cl)CC,train,3.477,3.393,1.292,2.122,0,3,1.595
132-64-9,c1ccc2c(c1)oc1c2cccc1,train,4.967,3.191,0.223,0.847,0,0,2.859
13209-15-9,BrC(c1ccccc1C(Br)Br)Br,test,5.985,2.639,1.462,0.83,0,0,5.206
133-06-2,ClC(SN1C(=O)C2C(C1=O)CC=CC2)(Cl)Cl,train,6.351,2.47,1.437,1.346,2,2,1.821
133-07-3,ClC(SN1C(=O)c2c(C1=O)cccc2)(Cl)Cl,train,6.207,2.164,1.437,1.227,0,2,2.573
133-11-9,Nc1ccc(c(c1)O)C(=O)Oc1ccccc1,train,4.680,3.247,0.638,0.889,0,1,2.922
13390-47-1,CCOc1ccc(cc1)N=Nc1ccc(c(c1)S(=O)(=O)O)Sc1ccc(cc1S(=O)(=O)O)N=Nc1ccc(cc1)OCC,train,4.475,4.255,1.695,1.087,0,0,2.294
134-62-3,CCN(C(=O)c1cccc(c1)C)CC,train,3.240,3.629,0.331,1.478,0,1,2.821
13411-16-0,OCc1cccc(n1)C=Cc1ccc(o1)N(=O)=O,train,5.478,3.08,0.827,1.079,2,0,1.155
135-19-3,Oc1ccc2c(c1)cccc2,train,4.620,3.012,0.223,0.76,0,0,2.637
13608-87-2,CC(=O)c1ccc(c(c1Cl)Cl)Cl,train,5.048,2.374,1.16,0.979,0,1,3.818
137-26-8,CN(C(=S)SSC(=S)N(C)C)C,train,7.045,2.855,1.331,1.325,0,2,0.454
137-40-6,CCC(=O)O,train,1.307,2.024,0.405,1.605,0,1,0.133
138-86-3,CC1=CCC(CC1)C(=C)C,train,2.149,3.739,0,1.25,1,2,3.267
13909-73-4,COc1ccc(c(c1OC)OC)C(=O)C,train,3.025,3.426,0.693,1.488,0,1,1.294
13952-84-6,CCC(N)C,train,2.425,2.878,0.134,1.684,0,0,0.8
1397-94-0,CCCCCCC1C(=O)OC(C)C(C(=O)OC(C1OC(=O)CC(C)C)C)NC(=O)c1cccc(c1O)NC=O,train,9.612,4.785,1.263,1.471,1,4,2.749
140-31-8,NCCN1CCNCC1,train,1.771,3.286,0.357,2.104,0,0,-0.521
140-88-5,CCOC(=O)C=C,train,4.603,2.507,0.405,1.652,1,1,0.888
14064-10-9,CCOC(=O)C(C(=O)OCC)Cl,train,5.311,2.857,0.973,1.838,0,2,1.121
141-03-7,CCCCOC(=O)CCC(=O)OCCCC,train,4.713,3.924,0.693,1.707,0,2,2.314
141-27-5,O=CC=C(CCC=C(C)C)C,test,4.320,3.601,0.223,1.35,3,2,2.545
141-28-6,CCOC(=O)CCCCC(=O)OCC,train,4.051,3.634,0.693,1.747,0,2,1.742
141-43-5,NCCO,test,1.470,1.968,0.331,1.891,0,0,-1.053
141-78-6,CCOC(=O)C,train,2.583,2.429,0.405,1.927,0,1,0.586
141-91-3,CC1CNCC(O1)C,train,2.474,3.029,0.331,1.847,0,0,0.314
141-93-5,CCc1cccc(c1)CC,train,4.510,3.605,0,1.15,0,0,3.562
142-28-9,ClCCCCl,test,3.007,2.024,0.83,1.761,0,0,2.226
142-62-1,CCCCCC(=O)O,train,2.840,3.026,0.405,1.548,0,1,1.373
142-92-7,CCCCCCOC(=O)C,train,4.557,3.462,0.405,1.717,0,1,2.06
142-96-1,CCCCOCCCC,train,3.604,3.669,0.223,1.778,0,0,2.274
1420-04-8,Clc1ccc(c(c1)C(=O)Nc1ccc(cc1Cl)N(=O)=O)O,test,6.564,2.9,1.275,0.913,0,1,3.574
143-08-8,CCCCCCCCCO,train,4.410,3.832,0.223,1.587,0,0,3.503
143-16-8,CCCCCCNCCCCCC,train,5.380,4.285,0.134,1.71,0,0,3.467
143-50-0,O=C1C2(Cl)C3(C4(C1(Cl)C1(C2(C3(Cl)C(C41Cl)(Cl)Cl)Cl)Cl)Cl)Cl,train,6.113,3.164,2.044,0.83,0,1,4.912
14321-27-8,CCNCc1ccccc1,train,3.374,3.332,0.134,1.294,0,0,2.242
14338-32-0,Clc1cccc[n+]1C,train,3.109,2.344,0.582,1.59,0,0,1.467
1445-75-6,CC(OP(=O)(OC(C)C)C)C,train,2.451,3.353,0.854,1.944,0,0,1.297
145-73-3,OC(=O)C1C2CCC(C1C(=O)O)O2,train,5.395,2.993,0.811,1.232,0,2,-0.059
14548-45-9,Brc1ccc(cc1)C(=O)c1cccnc1,train,4.109,2.914,0.798,0.975,0,1,2.715
14548-46-0,O=C(c1ccncc1)c1ccccc1,test,3.250,3.111,0.331,1.011,0,1,2.042
148-53-8,COc1cccc(c1O)C=O,train,4.767,2.777,0.56,1.127,1,0,1.433
14816-18-3,CCOP(=S)(ON=C(c1ccccc1)C#N)OCC,test,5.012,3.188,1.182,1.244,0,1,1.845
1482-15-1,CC(C(C#C)(O)C)C,train,2.739,3.134,0.223,1.319,0,0,1.795
1484-13-5,C=Cn1c2ccccc2c2c1cccc2,train,7.809,3.514,0.134,1.07,1,0,3.315
1484-26-0,Nc1cccc(c1)OCc1ccccc1,train,4.338,3.436,0.331,0.951,0,0,2.786
149-30-4,Sc1nc2c(s1)cccc2,train,4.182,2.217,0.872,0.875,0,0,1.769
149-31-5,CCC(C(CO)C)O,test,1.134,3.219,0.405,1.605,0,0,0.706
14938-35-3,CCCCCc1ccc(cc1)O,train,5.178,3.645,0.223,1.155,0,0,3.105
150-19-6,COc1cccc(c1)O,train,3.219,2.685,0.405,1.145,0,0,1.246
150-76-5,COc1ccc(cc1)O,train,3.110,2.685,0.405,1.145,0,0,1.246
150-78-7,COc1ccc(cc1)OC,train,3.070,2.961,0.405,1.388,0,0,1.58
15045-43-9,CC1(C)CCC(O1)(C)C,train,2.883,3.52,0.223,1.59,0,0,1.882
151-21-3,CCCCCCCCCCCCOS(=O)(=O)O,train,4.451,4.029,0.965,1.729,0,0,4.038
15128-82-2,O=N(=O)c1ncccc1O,train,2.924,1.883,0.711,1.162,0,0,0.602
1563-66-2,CNC(=O)Oc1cccc2c1OC(C2)(C)C,train,5.339,3.432,0.638,1.385,0,1,1.459
15673-00-4,NCCC(C)(C)C,train,2.226,3.369,0.134,1.614,0,0,1.587
1582-09-8,CCCN(c1c(cc(cc1N(=O)=O)C(F)(F)F)N(=O)=O)CCC,train,6.500,3.323,1.232,1.134,0,0,4.207
15972-60-8,COCN(c1c(CC)cccc1CC)C(=O)CCl,train,4.732,3.73,0.829,1.562,0,1,3.182
16079-88-2,ClN1C(=O)N(C(C1=O)(C)C)Br,train,1.234,1.831,1.182,1.901,0,2,0.158
16245-79-7,CCCCCCCCc1ccc(cc1)N,train,6.233,4.141,0.134,1.22,0,0,4.833
1634-04-4,COC(C)(C)C,test,2.107,3.035,0.223,1.941,0,0,1.209
1638-22-8,CCCCc1ccc(cc1)O,test,4.470,3.461,0.223,1.12,0,0,2.813
1647-16-1,C=CCCCCCCC=C,train,5.678,3.867,0,1.4,2,0,3.659
16672-87-0,ClCCP(=O)(O)O,train,3.046,1.713,1.098,1.752,0,0,-0.297
16752-77-5,CNC(=O)ON=C(SC)C,train,4.920,2.441,0.88,1.54,0,2,0.057
16879-02-0,Oc1cccc(n1)Cl,test,2.782,1.634,0.713,1.19,0,0,1.313
1689-82-3,Oc1ccc(cc1)N=Nc1ccccc1,train,5.229,3.13,0.429,0.88,0,0,2.679
1689-83-4,N#Cc1cc(I)c(c(c1)I)O,train,4.737,1.886,1.153,0.523,0,0,2.938
1689-84-5,N#Cc1cc(Br)c(c(c1)Br)O,train,4.342,1.886,1.115,0.653,0,0,2.646
17109-36-3,Clc1cc(ccc1NC(=O)c1c(C)c(Cl)cc(c1O)C(C)(C)C)N(=O)=O,test,7.691,3.684,1.275,1.072,0,1,4.764
1740-19-8,OC(=O)C1(C)CCCC2(C1CCc1c2ccc(c1)C(C)C)C,train,4.727,4.461,0.405,1.139,0,1,4.548
1745-81-9,C=CCc1ccccc1O,train,3.979,3.087,0.223,0.96,1,0,2.42
1746-23-2,C=Cc1ccc(cc1)C(C)(C)C,train,5.510,3.822,0,1.125,1,0,4.044
1757-18-2,CCOP(=S)(OC(=CCl)c1cc(Cl)ccc1Cl)OCC,train,6.143,3.113,1.593,1.319,1,1,4.038
17584-12-2,Nc1nnc(c(n1)C)C,train,2.115,2.565,0.452,1.529,0,0,0.242
1761-61-1,O=Cc1cc(Br)ccc1O,test,5.189,2.217,0.845,0.793,1,0,2.429
1773-89-3,COC(=O)C1C(C(=O)OC)C2(C(C1(Cl)C(=C2Cl)Cl)(Cl)Cl)Cl,train,5.383,2.95,1.772,1.351,0,4,3.11
17754-90-4,CCN(c1ccc(c(c1)O)C=O)CC,train,4.557,3.402,0.496,1.45,1,0,2.345
17804-35-2,CCCCNC(=O)n1c(NC(=O)OC)nc2c1cccc2,train,5.184,3.618,0.842,1.686,0,2,1.661
1787-61-7,Oc1cc(c2c(c1N=Nc1ccc3c(c1O)cccc3)ccc(c2)N(=O)=O)S(=O)(=O)O,train,4.886,3.613,1.336,0.839,0,0,2.459
18172-67-3,C=C1CCC2CC1C2(C)C,train,5.434,3.739,0,1.204,0,1,3.374
1825-21-4,COc1c(Cl)c(Cl)c(c(c1Cl)Cl)Cl,train,5.632,2.251,1.501,1.197,0,0,4.19
18292-97-2,O=N(=O)c1ccc(c(c1C)N(=O)=O)N(=O)=O,train,6.317,2.454,1.075,0.951,0,0,2.359
18368-63-3,Cc1cccc(n1)Cl,train,2.740,2.216,0.582,1.287,0,0,1.467
1861-40-1,CCCCN(c1c(cc(cc1N(=O)=O)C(F)(F)F)N(=O)=O)CC,train,6.525,3.323,1.232,1.134,0,0,4.207
1871-57-4,ClCC(=C)CCl,train,5.820,2.126,0.83,1.455,0,1,2.459
1891-95-8,N#Cc1cc(Cl)c(c(c1)Cl)O,train,3.889,1.886,0.988,0.764,0,0,2.343
1912-24-9,CCNc1nc(NC(C)C)nc(n1)Cl,train,4.095,3.175,0.859,2.095,0,0,2.59
1929-73-3,CCCCOCCOC(=O)COc1ccc(cc1Cl)Cl,train,5.052,3.641,1.192,1.481,0,1,3.16
1929-82-4,Clc1cccc(n1)C(Cl)(Cl)Cl,train,4.368,2.019,1.317,1.288,0,0,2.689
19398-13-1,CC(C(=O)OCCOCCCC)Oc1cc(Cl)c(cc1Cl)Cl,test,5.568,3.709,1.371,1.478,0,1,3.909
19406-51-0,Nc1cc(N(=O)=O)c(c(c1)N(=O)=O)C,train,4.458,2.479,0.887,0.954,0,0,1.748
19549-98-5,CC(CCC(C#C)(O)C)C,test,3.458,3.559,0.223,1.36,0,0,2.446
1962-75-0,CCCCOC(=O)c1ccc(cc1)C(=O)OCCCC,train,5.667,4.05,0.693,1.381,0,2,3.618
1965-09-9,Oc1ccc(cc1)Oc1ccc(cc1)O,train,4.544,3.24,0.56,0.889,0,0,2.214
19902-04-6,OCCN(CC=C(CCC=C(C)C)C)CC=C(CCC=C(C)C)C,test,6.347,4.829,0.331,1.521,4,4,4.57
2008-58-4,NC(=O)c1c(Cl)cccc1Cl,train,2.608,2.079,0.988,0.836,0,1,2.481
2016-57-1,CCCCCCCCCCN,train,5.180,4.037,0.134,1.563,0,0,3.806
2028-63-9,CC(C#C)O,test,3.779,2.137,0.223,1.179,0,0,0.655
2032-59-9,CNC(=O)Oc1ccc(c(c1)C)N(C)C,train,5.029,3.421,0.58,1.7,0,1,1.57
2034-22-2,Brc1[nH]c(c(n1)Br)Br,train,4.697,1.279,1.327,1.284,0,0,2.2
2051-60-7,Clc1ccccc1c1ccccc1,test,4.674,3.252,0.499,0.832,0,0,4.416
2051-61-8,Clc1cccc(c1)c1ccccc1,train,4.384,3.252,0.499,0.832,0,0,4.416
206-44-0,c1ccc2c(c1)c1cccc3c1c2ccc3,train,7.346,3.739,0,0.7,0,0,4.76
20662-84-4,Cc1oc(c(n1)C)C,train,2.395,2.591,0.331,1.629,0,0,0.874
2074-67-1,OCP(=O)(CO)O,train,3.638,2.118,0.956,1.643,0,0,-2.03
2104-64-5,CCOP(=S)(c1ccccc1)Oc1ccc(cc1)N(=O)=O,test,6.540,3.274,1.214,1.011,0,0,3.311
2117-11-5,CC(CC#C)O,train,3.380,2.544,0.223,1.245,0,0,1.064
2138-22-9,Clc1ccc(c(c1)O)O,train,4.961,2.08,0.764,0.788,0,0,1.514
2150-47-2,COC(=O)c1ccc(cc1O)O,train,3.603,2.8,0.693,1.091,0,1,1.437
2163-79-3,O=C(N(C)C)NC1CC2CC1C1C2CCC1,train,3.842,3.9,0.429,1.572,0,1,2.297
21725-46-2,CCNc1nc(nc(n1)Cl)NC(C#N)(C)C,train,4.116,3.177,0.918,1.919,0,0,2.031
2176-62-7,Clc1nc(Cl)c(c(c1Cl)Cl)Cl,test,5.730,2.111,1.477,1.298,0,0,3.225
22037-97-4,CCCSCCSCCC,train,4.380,3.609,0.811,1.208,0,0,3.291
22104-62-7,CN(CC(C(=O)C)C)C,train,4.182,3.261,0.331,2.047,0,1,0.915
2212-67-1,CCSC(=O)N1CCCCCC1,train,3.841,3.38,0.702,1.527,0,1,1.579
2232-08-8,Cc1ccc(cc1)S(=O)(=O)n1cncc1,test,3.726,2.818,0.88,1.488,0,0,1.182
2234-16-4,Clc1ccc(c(c1)Cl)C(=O)C,train,4.208,2.442,0.934,0.984,0,1,3.259
2243-27-8,CCCCCCCCC#N,train,4.305,3.63,0.134,1.476,0,0,3.358
22431-62-5,O=C(C1C(C1(C)C)C=C1CCCC1)OCc1coc(c1)Cc1ccccc1,test,8.571,4.535,0.56,1.137,1,2,4.332
2245-38-7,Cc1cc2c(cc1C)cccc2C,train,4.425,3.756,0,0.964,0,0,4.23
22726-00-7,Brc1cccc(c1)C(=O)N,train,3.328,2.198,0.798,0.79,0,1,2.056
23060-14-2,CCOC(=O)CC(C(=O)OCC)S,train,3.770,3.159,0.965,1.584,0,2,1.121
23135-22-0,CNC(=O)ON=C(C(=O)N(C)C)SC,train,4.512,2.862,1.031,1.828,0,3,-0.463
23184-66-9,CCCCOCN(c1c(CC)cccc1CC)C(=O)CCl,train,5.653,4.121,0.829,1.551,0,1,3.913
2357-47-3,Nc1ccc(c(c1)C(F)(F)F)F,train,3.775,2.309,0.907,0.871,0,0,3.046
2362-61-0,OC1CCCCC1c1ccccc1,train,3.599,3.69,0.223,1.062,0,0,2.726
2370-63-0,CCOCCOC(=O)C(=C)C,train,3.757,3.282,0.56,1.749,0,2,1.117
2385-85-5,ClC12C(Cl)(Cl)C3(C4(C1(Cl)C1(C2(Cl)C3(C4(C1(Cl)Cl)Cl)Cl)Cl)Cl)Cl,test,3.623,3.465,2.171,0.888,0,0,6.515
2416-94-6,Cc1ccc(c(c1O)C)C,train,4.220,3.252,0.223,1.077,0,0,2.51
2437-25-4,CCCCCCCCCCCC#N,train,5.630,4.085,0.134,1.482,0,0,4.234
2439-77-2,COc1ccccc1C(=O)N,train,3.100,2.726,0.496,1.108,0,1,1.06
2447-79-2,Clc1ccc(c(c1)Cl)C(=O)N,train,3.298,2.079,0.988,0.836,0,1,2.481
24544-04-5,CC(c1cccc(c1N)C(C)C)C,train,4.064,3.867,0.134,1.174,0,0,3.386
2455-24-5,CC(=C)C(=O)OCC1CCCO1,train,3.691,3.33,0.56,1.555,0,2,1.042
2460-49-3,COc1cc(Cl)c(cc1O)Cl,train,4.635,2.304,1.028,1.124,0,0,2.433
2475-46-9,OCCNc1ccc(c2c1C(=O)c1ccccc1C2=O)NC,test,5.472,3.691,0.711,1.073,0,2,1.746
2495-37-6,O=C(C(=C)C)OCc1ccccc1,train,4.577,3.323,0.405,1.17,0,2,2.592
2499-95-8,CCCCCCOC(=O)C=C,train,5.147,3.501,0.405,1.585,1,1,2.27
253-52-1,c1ccc2c(c1)cnnc2,train,3.112,2.594,0.251,0.861,0,0,1.68
2536-31-4,COC(=O)C1(O)c2cc(Cl)ccc2c2c1cccc2,train,5.278,3.38,0.874,0.903,0,1,3.184
260-94-6,c1ccc2c(c1)nc1c(c2)cccc1,test,4.891,3.332,0.134,0.909,0,0,3.051
2626-83-7,CNC(=O)Oc1ccc(cc1)C(C)(C)C,test,4.320,3.578,0.496,1.406,0,1,2.391
2691-41-0,O=N(=O)N1CN(CN(CN(C1)N(=O)=O)N(=O)=O)N(=O)=O,test,4.295,2.857,1.421,2.282,0,0,2.357
271-89-6,c1ccc2c(c1)occ2,train,3.926,2.634,0.223,0.939,0,0,1.834
27304-13-8,ClC1C2C(C3C1(Cl)O3)C1(C(C2(Cl)C(=C1Cl)Cl)(Cl)Cl)Cl,train,8.207,2.836,1.86,1.046,0,2,4.452
275-51-4,c1ccc2c(cc1)ccc2,test,4.154,3.179,0,0.805,0,0,2.994
2759-28-6,N1CCN(CC1)Cc1ccccc1,test,3.570,3.588,0.251,1.506,0,0,1.564
280-57-9,C1CN2CCN1CC2,train,1.812,3.026,0.251,2.164,0,0,0.314
281-23-2,C1C2CC3CC1CC(C2)C3,test,5.680,3.739,0,1.161,0,0,4.431
2859-67-8,OCCCc1cccnc1,train,2.961,2.955,0.331,1.313,0,0,0.652
28689-08-9,Clc1cc(Cl)c(c(c1)N(=O)=O)N(=O)=O,train,6.720,1.844,1.275,0.804,0,0,3.109
2869-34-3,CCCCCCCCCCCCCN,test,6.484,4.395,0.134,1.546,0,0,4.651
2894-51-1,Clc1ccc(cc1)C(=O)c1ccccc1N,train,5.039,3.128,0.713,0.797,0,1,4.017
2905-69-3,COC(=O)c1cc(Cl)ccc1Cl,train,4.169,2.417,1.028,1.162,0,1,3.19
29091-05-2,CCN(c1c(cc(c(c1N(=O)=O)N)C(F)(F)F)N(=O)=O)CC,test,5.393,3.055,1.273,1.132,0,0,2.931
2921-88-2,CCOP(=S)(Oc1nc(Cl)c(cc1Cl)Cl)OCC,train,6.314,2.624,1.621,1.502,0,0,3.213
29232-93-7,CCN(c1nc(cc(n1)C)OP(=S)(OC)OC)CC,train,5.087,3.436,1.225,1.839,0,0,2.054
29553-26-2,FC(C(C(O)(C)C)(F)F)F,train,2.440,2.423,0.949,1.15,0,0,1.94
2973-76-4,COc1cc(C=O)cc(c1O)Br,train,3.588,2.548,0.947,1.051,1,0,1.66
298-00-0,COP(=S)(Oc1ccc(cc1)N(=O)=O)OC,train,4.508,2.647,1.286,1.278,0,0,1.602
298-02-2,CCSCSP(=S)(OCC)OCC,train,6.018,3.196,1.38,1.234,0,0,1.321
298-04-4,CCSCCSP(=S)(OCC)OCC,train,4.854,3.378,1.38,1.25,0,0,1.654
299-84-3,COP(=S)(Oc1cc(Cl)c(cc1Cl)Cl)OC,train,6.023,2.396,1.593,1.351,0,0,3.32
300-76-5,COP(=O)(OC(C(Br)(Cl)Cl)Br)OC,train,5.062,1.983,1.714,2.105,0,0,2.358
306-67-2,NCCCNCCCCNCCCN,train,3.463,4.086,0.452,1.843,0,0,0.37
3066-71-5,C=CC(=O)OC1CCCCC1,train,5.018,3.353,0.405,1.418,1,1,1.878
309-00-2,ClC1=C(Cl)C2(C(C1(Cl)C1C2C2CC1C=C2)(Cl)Cl)Cl,train,7.382,3.174,1.586,0.91,2,2,5.361
309-43-3,CCCC(C1(CC=C)C(=O)NC(=NC1=O)O)C,train,4.043,3.567,0.711,1.501,1,3,1.759
315-18-4,CNC(=O)Oc1cc(C)c(c(c1)C)N(C)C,test,4.117,3.591,0.58,1.685,0,1,1.851
3179-90-6,OCCNc1ccc(c2c1C(=O)c1c(C2=O)c(O)ccc1O)NCCO,train,3.838,3.81,1.025,1.055,0,2,0.215
3206-31-3,CCOC(=O)N(C(=O)OCC)C(=O)OCC,train,4.244,3.311,0.972,2.208,0,3,-0.165
3252-43-5,BrC(C#N)Br,train,5.558,0.667,1.03,0.906,0,0,1.064
32534-95-5,CC(C(=O)OCCCC(CCC)C)Oc1cc(Cl)c(cc1Cl)Cl,train,4.239,3.979,1.306,1.404,0,1,5.176
327-98-0,CCP(=S)(OCC)Oc1cc(Cl)c(cc1Cl)Cl,test,6.171,2.862,1.54,1.226,0,0,3.896
329-71-5,O=N(=O)c1ccc(c(c1)O)N(=O)=O,test,4.739,2.183,0.93,0.846,0,0,1.395
330-54-1,O=C(N(C)C)Nc1ccc(c(c1)Cl)Cl,train,4.215,2.74,1.04,1.603,0,1,2.646
330-93-8,Fc1ccc(cc1)Oc1ccc(cc1)F,train,5.262,3.001,0.651,0.781,0,0,4.203
3309-68-0,CCCSCSP(=S)(OCC)OCC,train,5.933,3.378,1.38,1.25,0,0,1.654
333-41-5,CCOP(=S)(Oc1cc(C)nc(n1)C(C)C)OCC,train,4.811,3.55,1.182,1.624,0,0,2.433
3351-05-1,OS(=O)(=O)c1cccc2c1c(ccc2N=Nc1ccc(c2c1cccc2)N=Nc1cccc(c1)S(=O)(=O)O)Nc1ccccc1,train,5.190,4.311,1.496,0.964,0,0,3.522
33693-04-8,CCNc1nc(OC)nc(n1)NC(C)(C)C,train,3.656,3.587,0.675,2.108,0,0,2.527
3380-34-5,Clc1ccc(c(c1)O)Oc1ccc(cc1Cl)Cl,train,6.047,2.893,1.236,0.907,0,0,3.842
33820-53-0,CCCN(c1c(cc(cc1N(=O)=O)C(C)C)N(=O)=O)CCC,train,5.999,3.898,0.887,1.45,0,0,4.066
3383-96-8,COP(=S)(Oc1ccc(cc1)Sc1ccc(cc1)OP(=S)(OC)OC)OC,train,4.136,3.675,1.718,1.248,0,0,3.167
34128-01-3,OC(=O)COC(C(=O)O)CC(=O)O,test,2.069,2.817,1.012,1.521,0,3,-1.169
34274-04-9,COCCCNCc1cc(OC)c(c(c1)OC)OC,train,3.297,3.937,0.762,1.708,0,0,1.145
3428-24-8,Oc1cc(Cl)c(cc1O)Cl,train,5.303,1.965,1.028,0.762,0,0,2.116
34723-82-5,BrCC1CCCCO1,train,2.941,2.819,0.732,1.483,0,0,1.717
3481-20-7,Clc1cc(Cl)c(c(c1Cl)N)Cl,train,5.930,2.019,1.317,0.77,0,0,3.617
350-46-9,Fc1ccc(cc1)N(=O)=O,train,3.696,1.822,0.681,0.794,0,0,2.335
35367-38-5,O=C(NC(=O)c1c(F)cccc1F)Nc1ccc(cc1)Cl,train,5.860,2.928,1.131,0.908,0,2,3.508
35572-78-2,O=N(=O)c1cc(N)c(c(c1)N(=O)=O)C,train,4.119,2.479,0.887,0.954,0,0,1.748
3558-69-8,c1cc(nc(c1)c1ccccc1)c1ccccc1,test,6.038,3.793,0.134,0.93,0,0,4.054
3567-25-7,Clc1ccc(c(c1)NC(=O)Nc1ccc(c(c1)Cl)Cl)Oc1ccc(cc1S(=O)(=O)O)Cl,train,4.951,3.38,1.749,1.135,0,1,3.305
36362-09-1,CCCCCCCCCCSCCN,test,6.213,4.181,0.57,1.383,0,0,4.379
368-77-4,N#Cc1cccc(c1)C(F)(F)F,train,3.555,2.297,0.762,0.798,0,0,2.841
3687-13-6,Clc1ccc(c(c1)Cl)OS(=O)(=O)C,train,4.739,2.206,1.3,1.36,0,0,2.371
3689-24-5,CCOP(=S)(OP(=S)(OCC)OCC)OCC,train,6.258,3.407,1.548,1.653,0,0,1.145
3698-83-7,Clc1cc(Cl)c(cc1N(=O)=O)N(=O)=O,train,6.784,1.844,1.275,0.804,0,0,3.109
371-40-4,Nc1ccc(cc1)F,train,3.751,2.216,0.389,0.796,0,0,1.953
37529-30-9,CCCCCCCCCCc1ccc(cc1)N,test,6.569,4.372,0.134,1.254,0,0,5.339
37680-65-2,Clc1ccc(c(c1)c1ccccc1Cl)Cl,test,6.882,3.065,1.079,0.825,0,0,5.472
3811-73-2,Sc1cccc[n+]1[O-],train,8.132,1.786,0.702,1.081,0,0,-1.265
383-63-1,CCOC(=O)C(F)(F)F,train,1.153,1.883,0.916,1.207,0,1,1.188
385-00-2,OC(=O)c1c(F)cccc1F,train,3.360,2.11,0.773,0.773,0,1,2.57
387-45-1,O=Cc1c(F)cccc1Cl,test,4.227,1.975,0.802,0.775,1,0,2.799
3923-52-2,C#CC(c1ccccc1)(c1ccccc1)O,train,4.269,3.629,0.223,0.802,0,0,3.571
393-39-5,Fc1ccc(c(c1)C(F)(F)F)N,train,3.782,2.309,0.907,0.871,0,0,3.046
3944-76-1,CCC(C(C=O)C)C,train,3.854,3.316,0.223,1.571,1,0,1.795
39515-41-8,N#CC(c1cccc(c1)Oc1ccccc1)OC(=O)C1C(C1(C)C)(C)C,train,8.169,4.223,0.638,1.117,0,1,3.557
39515-51-0,O=Cc1cccc(c1)Oc1ccccc1,test,5.630,3.333,0.405,0.963,1,0,2.974
39905-57-2,CCCCCCOc1ccc(cc1)N,train,4.777,3.749,0.331,1.278,0,0,2.773
4080-31-3,ClC=CC[N+]12CN3CN(C2)CN(C1)C3,train,3.903,3.351,0.797,2.456,2,0,-0.197
4097-49-8,O=N(=O)c1cc(cc(c1O)N(=O)=O)C(C)(C)C,train,5.650,3.098,0.93,1.075,0,0,2.702
4117-14-0,CCCCCCCC#CCO,train,5.159,3.734,0.223,1.374,0,0,3.661
41198-08-7,CCCSP(=O)(Oc1ccc(cc1Cl)Br)OCC,train,6.645,3.073,1.493,1.279,0,0,3.737
4151-50-2,CCNS(=O)(=O)C(C(C(C(C(C(C(C(F)(F)F)(F)F)(F)F)(F)F)(F)F)(F)F)(F)F)(F)F,train,6.446,3.249,2.071,1.327,0,0,3.948
4170-30-3,CC=CC=O,test,4.865,2.137,0.223,1.375,3,0,0.548
4208-80-4,COc1ccc(c(c1)OC)NC=CC1=[N+](C)c2c(C1(C)C)cccc2,train,5.066,4.247,0.58,1.36,2,1,3.062
42087-80-9,COC(=O)c1ccc(cc1N(=O)=O)Cl,train,3.895,2.375,1.026,1.09,0,1,2.553
4214-79-3,Oc1ccc(cn1)Cl,train,2.056,1.634,0.713,1.19,0,0,1.313
42454-06-8,O=Cc1cc(O)ccc1N(=O)=O,train,3.601,2.309,0.762,0.845,1,0,1.091
4253-89-8,CC(SSC(C)C)C,train,4.257,3.219,0.811,1.127,0,0,2.604
4403-90-1,Cc1ccc(c(c1)S(=O)(=O)O)Nc1ccc(c2c1C(=O)c1ccccc1C2=O)Nc1ccc(cc1S(=O)(=O)O)C,train,5.002,4.205,1.512,1.046,0,2,2.11
4412-91-3,OCc1cocc1,train,2.286,2.24,0.405,1.203,0,0,-0.316
446-52-6,O=Cc1ccccc1F,train,4.960,2.233,0.46,0.789,1,0,2.206
4460-86-0,COc1cc(C=O)c(cc1OC)OC,train,3.598,3.24,0.693,1.487,1,0,1.002
447-60-9,N#Cc1ccccc1C(F)(F)F,test,3.608,2.297,0.762,0.798,0,0,2.841
454-89-7,O=Cc1cccc(c1)C(F)(F)F,train,5.277,2.374,0.811,0.817,1,0,2.841
459-59-6,CNc1ccc(cc1)F,test,3.513,2.568,0.389,1.012,0,0,2.296
464-45-9,OC1CC2C(C1(C)CC2)(C)C,test,3.387,3.734,0.223,1.282,0,0,2.502
464-49-3,O=C1CC2C(C1(C)CC2)(C)C,train,3.141,3.601,0.223,1.254,0,1,2.357
4655-34-9,CC(OC(=O)C(=C)C)C,train,3.528,3.08,0.405,1.609,0,2,1.619
470-82-6,CC12CCC(CC1)C(O2)(C)C,train,3.180,3.734,0.223,1.426,0,0,2.502
471-77-2,CC(=C1CCC2C(=C1)CCC1C2(C)CCCC1(C)C(=O)O)C,test,5.307,4.532,0.405,1.189,1,4,4.639
475-20-7,C=C1C2CCC3C1(C)CCCC(C23)(C)C,train,4.302,4.324,0,1.205,0,1,4.738
4798-44-1,CCCC(C=C)O,train,3.518,3.08,0.223,1.462,1,0,1.442
4839-46-7,OC(=O)CC(CC(=O)O)(C)C,train,1.055,3.073,0.693,1.438,0,2,0.787
4901-51-3,Clc1c(O)cc(c(c1Cl)Cl)Cl,train,5.752,1.962,1.345,0.783,0,0,3.617
4916-57-8,n1ccc(cc1)CCc1ccncc1,train,3.086,3.386,0.251,1.225,0,0,1.586
4920-77-8,O=N(=O)c1c(C)cccc1O,test,3.521,2.448,0.638,0.921,0,0,1.701
496-11-7,C1Cc2c(C1)cccc2,train,3.926,3.25,0,0.95,0,0,3.259
496-16-2,c1ccc2c(c1)OCC2,train,3.168,2.824,0.223,1.051,0,0,1.801
497-37-0,OC1CC2CC1CC2,train,2.692,3.134,0.223,1.193,0,0,1.548
498-66-8,C1CC2CC1C=C2,train,3.974,3.11,0,1.079,2,0,2.42
499-83-2,OC(=O)c1cccc(n1)C(=O)O,train,2.715,2.309,0.762,1.118,0,2,-0.129
50-06-6,CCC1(C(=O)NC(=O)NC1=O)c1ccccc1,test,2.681,3.2,0.711,1.235,0,3,0.779
50-29-3,ClC(C(c1ccc(cc1)Cl)c1ccc(cc1)Cl)(Cl)Cl,train,7.429,3.337,1.443,0.913,0,0,6.166
50-31-7,Clc1ccc(c(c1Cl)C(=O)O)Cl,train,4.424,2.077,1.236,0.829,0,1,3.458
500-22-1,O=Cc1cccnc1,train,3.815,2.086,0.331,1.221,1,0,0.143
502-56-7,CCCCC(=O)CCCC,train,3.662,3.7,0.223,1.556,0,1,2.446
506-96-7,CC(=O)Br,train,3.481,0.965,0.732,1.359,0,1,0.435
51-28-5,O=N(=O)c1ccc(c(c1)N(=O)=O)O,train,4.224,2.183,0.93,0.846,0,0,1.395
51-79-6,CCOC(=O)N,test,1.231,2.031,0.496,1.952,0,1,-0.703
512-56-1,COP(=O)(OC)OC,test,1.301,2.428,0.956,2.609,0,0,0.113
51218-45-2,COCC(N(c1c(C)cccc1CC)C(=O)CCl)C,train,4.539,3.871,0.829,1.558,0,1,3.026
513-81-5,CC(=C)C(=C)C,test,4.075,3.046,0,1.333,0,2,2.352
514-10-3,CC(C1=CC2=CCC3C(C2CC1)(C)CCCC3(C)C(=O)O)C,train,5.104,4.532,0.405,1.189,2,3,4.639
52-68-6,COP(=O)(C(C(Cl)(Cl)Cl)O)OC,train,4.513,2.238,1.513,2.078,0,0,0.489
5217-47-0,CCN1C(=O)CC(=O)N(C1=S)CC,train,1.647,2.841,0.88,1.705,0,3,0.226
52645-53-1,ClC(=CC1C(C1(C)C)C(=O)OCc1cccc(c1)Oc1ccccc1)Cl,train,7.640,4.031,1.113,1.106,1,2,4.579
5267-27-6,O=N(=O)c1cc(N(=O)=O)c(cc1C)N,train,4.912,2.479,0.887,0.954,0,0,1.748
527-60-6,Cc1cc(C)c(c(c1)C)O,train,4.020,3.252,0.223,1.077,0,0,2.51
528-29-0,O=N(=O)c1ccccc1N(=O)=O,train,5.449,2.094,0.827,0.86,0,0,1.886
529-19-1,N#Cc1ccccc1C,train,3.420,2.728,0.134,0.923,0,0,2.102
529-20-4,O=Cc1ccccc1C,train,3.360,2.824,0.223,1,1,0,2.102
5292-45-5,COC(=O)c1ccc(c(c1)N(=O)=O)C(=O)OC,test,4.565,2.971,0.972,1.255,0,2,2.052
532-32-1,OC(=O)c1ccccc1,train,2.474,2.477,0.405,0.876,0,1,1.7
5331-91-9,Clc1ccc2c(c1)nc(s2)S,train,4.798,1.977,1.112,0.881,0,0,2.37
534-52-1,O=N(=O)c1cc(C)c(c(c1)N(=O)=O)O,train,5.007,2.439,0.93,0.924,0,0,1.748
5372-81-6,COC(=O)c1ccc(c(c1)N)C(=O)OC,train,4.369,3.049,0.762,1.258,0,2,1.996
538-68-1,CCCCCc1ccccc1,train,4.938,3.78,0,1.182,0,0,3.854
5395-75-5,CCSCCSCC,train,3.397,3.219,0.811,1.151,0,0,2.604
54-21-7,OC(=O)c1ccccc1O,train,1.969,2.495,0.56,0.835,0,1,1.643
540-88-5,CC(=O)OC(C)(C)C,train,2.551,3.026,0.405,1.787,0,1,1.373
5407-04-5,ClCCCN(C)C,train,3.075,2.875,0.582,2.311,0,0,1.587
541-73-1,Clc1cccc(c1)Cl,train,4.263,2.126,0.83,0.899,0,0,3.478
542-75-6,ClCC=CCl,train,5.050,1.639,0.83,1.445,2,0,2.081
544-40-1,CCCCSCCCC,train,4.610,3.669,0.486,1.374,0,0,3.291
54576-32-8,CCSCCCCSCC,train,4.469,3.609,0.811,1.208,0,0,3.291
5465-65-6,CC(=O)c1ccc(c(c1)N(=O)=O)Cl,test,4.559,2.33,0.932,0.931,0,1,2.529
55-18-5,CCN(N=O)CC,test,2.120,2.542,0.429,1.891,0,0,0.562
55-21-0,NC(=O)c1ccccc1,train,2.263,2.456,0.331,0.875,0,1,1.294
55-38-9,CSc1ccc(cc1C)OP(=S)(OC)OC,train,4.963,3.18,1.281,1.246,0,0,2.492
55-63-0,O=N(=O)OC(CON(=O)=O)CON(=O)=O,train,4.919,2.482,1.303,1.415,0,0,0.575
55-86-7,ClCCN(CCCl)C,train,3.289,2.719,0.891,2.292,0,0,1.94
552-41-0,COc1ccc(c(c1)O)C(=O)C,test,3.379,3.023,0.56,1.168,0,1,1.75
552-89-6,O=Cc1ccccc1N(=O)=O,test,4.021,2.251,0.638,0.871,1,0,1.61
5538-94-3,CCCCCCCC[N+](CCCCCCCC)(C)C,train,4.770,4.88,0.134,1.853,0,0,2.217
554-00-7,Clc1ccc(c(c1)Cl)N,test,4.410,2.08,0.891,0.816,0,0,2.729
55406-53-6,CCCCNC(=O)OCC#CI,train,6.148,2.876,0.928,1.372,0,1,1.737
555-16-8,O=Cc1ccc(cc1)N(=O)=O,test,4.175,2.251,0.638,0.871,1,0,1.61
55792-61-5,CCCCCCCCOc1ccccc1NC(=O)C,train,5.767,4.139,0.496,1.43,0,1,4.206
5598-13-0,COP(=S)(Oc1nc(Cl)c(cc1Cl)Cl)OC,train,5.677,2.122,1.621,1.511,0,0,2.64
56-37-1,CC[N+](Cc1ccccc1)(CC)CC,train,3.151,4.061,0.134,1.658,0,0,-0.294
56-38-2,CCOP(=S)(Oc1ccc(cc1)N(=O)=O)OCC,train,5.318,3.067,1.286,1.309,0,0,2.223
5600-21-5,Cc1cc(Cl)nc(n1)N,test,3.007,2.125,0.73,1.537,0,0,0.883
56108-12-4,NC(=O)c1ccc(cc1)C(C)(C)C,train,3.742,3.452,0.331,1.098,0,1,2.54
56207-39-7,O=N(=O)c1ccc(c(c1N)C)N(=O)=O,train,5.341,2.479,0.887,0.954,0,0,1.748
563-12-2,CCOP(=S)(OCC)SCSP(=S)(OCC)OCC,train,5.466,3.528,1.74,1.288,0,0,0.626
563-80-4,CC(=O)C(C)C,train,1.999,2.802,0.223,1.6,0,1,1.064
56348-40-4,CSCCCCCCSC,train,4.247,3.609,0.811,1.208,0,0,3.291
5673-07-4,COc1cccc(c1C)OC,train,3.874,3.198,0.405,1.399,0,0,1.897
5683-33-0,CN(c1ccccn1)C,train,2.983,2.888,0.251,1.771,0,0,1.398
569-64-2,C[N+](=C1C=CC(=C(c2ccc(cc2)N(C)C)c2ccccc2)C=C1)C,test,6.483,4.443,0.251,1.287,4,3,4.453
57-06-7,C=CCN=C=S,train,6.064,1.783,0.57,1.187,1,0,2.033
57-14-7,CN(N)C,train,3.884,2.333,0.251,2.327,0,0,-0.241
57-33-0,CCCC(C1(CC)C(=O)NC(=NC1=O)O)C,train,3.660,3.526,0.711,1.586,0,3,1.569
57-43-2,CCC1(CCC(C)C)C(=O)NC(=O)NC1=O,train,3.423,3.526,0.711,1.596,0,3,0.757
57-55-6,OCC(O)C,train,0.242,2.366,0.405,1.735,0,0,-0.534
570-24-1,O=N(=O)c1cccc(c1N)C,test,3.799,2.508,0.58,0.941,0,0,1.701
57055-38-6,COC(=O)C1(C)CCCC2(C1CCc1c2ccc(c1Cl)C(C)C)C,train,5.412,4.436,0.764,1.227,0,1,5.258
57055-39-7,COC(=O)C1(C)CCCC2(C1CCc1c2cc(c(c1Cl)C(C)C)Cl)C,train,5.758,4.356,1.028,1.224,0,1,5.741
573-56-8,Oc1c(cccc1N(=O)=O)N(=O)=O,train,3.666,2.183,0.93,0.846,0,0,1.395
576-26-1,Cc1cccc(c1O)C,train,3.751,3.012,0.223,1.023,0,0,2.193
578-46-1,Cc1ccc(c(c1)N)N(=O)=O,train,3.799,2.508,0.58,0.941,0,0,1.701
578-54-1,CCc1ccccc1N,train,3.210,3.103,0.134,1.016,0,0,2.193
58-27-5,O=C1C=C(C)C(=O)c2c1cccc2,test,6.195,3.05,0.405,0.868,1,3,2.233
58-89-9,ClC1C(Cl)C(Cl)C(C(C1Cl)Cl)Cl,train,6.551,2.585,1.586,1.352,0,0,4.092
58-90-2,Oc1c(Cl)cc(c(c1Cl)Cl)Cl,train,5.352,1.962,1.345,0.783,0,0,3.617
5813-64-9,NCC(C)(C)C,train,2.264,3.143,0.134,1.641,0,0,1.209
58138-08-2,Clc1cc(Cl)cc(c1)C1(CO1)CC(Cl)(Cl)Cl,test,5.385,2.803,1.501,1.124,0,0,4.053
583-53-9,Brc1ccccc1Br,train,4.762,2.126,0.977,0.771,0,0,3.795
5835-26-7,C=CC1(C)CCC2C(=CCC3C2(C)CCCC3(C)C(=O)O)C1,test,5.541,4.532,0.405,1.189,2,2,4.639
584-84-9,O=C=Nc1ccc(c(c1)N=C=O)C,train,3.025,2.528,0.58,1.297,0,0,1.539
587-02-0,CCc1cccc(c1)N,train,3.651,3.103,0.134,1.016,0,0,2.193
589-09-3,C=CCNc1ccccc1,test,3.569,3.171,0.134,1.189,1,0,2.42
589-16-2,CCc1ccc(cc1)N,train,3.220,3.103,0.134,1.016,0,0,2.193
59-50-7,Oc1ccc(c(c1)C)Cl,train,4.286,2.456,0.64,0.937,0,0,2.461
59-97-2,c1ccc(cc1)CC1=NCCN1,train,2.745,3.26,0.251,1.287,0,1,1.994
590-86-3,O=CCC(C)C,train,4.423,2.802,0.223,1.6,1,0,1.064
591-78-6,CCCCC(=O)C,train,2.369,3.08,0.223,1.583,0,1,1.442
592-46-1,CC=CC=CC,train,3.614,3.046,0,1.333,4,0,2.352
5922-60-1,N#Cc1cc(Cl)ccc1N,train,3.727,2.217,0.659,0.788,0,0,1.758
593-08-8,CCCCCCCCCCCC(=O)C,train,5.741,4.258,0.223,1.538,0,1,4.506
596-85-0,C=CC(CCC1C(=C)CCC2C1(C)CCCC2(C)C)(O)C,train,6.384,4.717,0.223,1.288,1,1,4.804
598-74-3,CC(C(C)C)N,train,2.487,3.143,0.134,1.641,0,0,1.209
60-00-4,OC(=O)CN(CC(=O)O)CCN(CC(=O)O)CC(=O)O,train,3.689,3.423,1.19,1.993,0,4,-1.358
60-13-9,CC(Cc1ccccc1)N,train,3.806,3.332,0.134,1.068,0,0,2.242
60-29-7,CCOCC,train,1.462,2.748,0.223,2.048,0,0,0.8
60-41-3,O=C1CC2OCC=C3C4C2C2N1c1ccccc1C12CCN(C1C4)C3,train,5.538,4.135,0.58,1.263,1,2,2.904
600-36-2,OC(C(C)C)C(C)C,test,2.853,3.485,0.223,1.614,0,0,1.94
602-01-7,O=N(=O)c1c(C)cccc1N(=O)=O,test,5.005,2.377,0.827,0.938,0,0,2.239
603-83-8,O=N(=O)c1cccc(c1C)N,train,3.483,2.508,0.58,0.941,0,0,1.701
606-20-2,Cc1c(cccc1N(=O)=O)N(=O)=O,train,3.991,2.377,0.827,0.938,0,0,2.239
607-00-1,O=CN(c1ccccc1)c1ccccc1,train,3.812,3.314,0.331,1.173,1,0,3.112
607-81-8,CCOC(=O)C(C(=O)OCC)Cc1ccccc1,test,4.664,3.788,0.693,1.365,0,2,2.576
608-71-9,Brc1c(O)c(Br)c(c(c1Br)Br)Br,train,6.720,2.086,1.685,0.396,0,0,4.594
608-93-5,Clc1cc(Cl)c(c(c1Cl)Cl)Cl,train,6.006,2.26,1.443,0.902,0,0,4.926
609-23-4,Ic1cc(I)c(c(c1)I)O,train,5.591,1.925,1.364,0.421,0,0,4.19
610-39-9,Cc1ccc(c(c1)N(=O)=O)N(=O)=O,test,5.083,2.377,0.827,0.938,0,0,2.239
610-41-3,Nc1ccc(c(c1)N(=O)=O)N(=O)=O,train,4.330,2.215,0.887,0.888,0,0,1.395
61096-84-2,CCCCCCOc1ccc(cc1OC)C=O,train,4.947,3.905,0.56,1.399,1,0,2.65
613-45-6,COc1cc(OC)ccc1C=O,test,3.917,3.023,0.56,1.349,1,0,1.239
614-80-2,CC(=O)Nc1ccccc1O,train,3.661,2.726,0.496,1.179,0,1,1.06
615-65-6,Cc1ccc(c(c1)Cl)N,test,3.594,2.568,0.582,0.931,0,0,2.461
616-72-8,Cc1cc(C)c(cc1N(=O)=O)N(=O)=O,train,4.393,2.636,0.827,0.999,0,0,2.573
616-73-9,O=N(=O)c1cc(N(=O)=O)c(cc1C)O,train,4.856,2.439,0.93,0.924,0,0,1.748
616-86-4,CCOc1ccc(c(c1)N(=O)=O)N,train,3.846,2.781,0.711,1.147,0,0,1.515
6175-49-1,CCCCCCCCCCC(=O)C,train,5.194,4.137,0.223,1.542,0,1,4.234
618-62-2,Clc1cc(cc(c1)Cl)N(=O)=O,train,4.630,1.733,1.077,0.81,0,0,3.11
618-85-9,Cc1cc(cc(c1)N(=O)=O)N(=O)=O,test,3.910,2.377,0.827,0.938,0,0,2.239
618-87-1,Nc1cc(cc(c1)N(=O)=O)N(=O)=O,test,3.932,2.215,0.887,0.888,0,0,1.395
619-15-8,O=N(=O)c1ccc(c(c1)C)N(=O)=O,train,5.146,2.377,0.827,0.938,0,0,2.239
619-24-9,N#Cc1cccc(c1)N(=O)=O,test,3.391,2.11,0.58,0.805,0,0,1.61
619-50-1,COC(=O)c1ccc(cc1)N(=O)=O,train,3.882,2.583,0.762,1.104,0,1,1.968
619-72-7,N#Cc1ccc(cc1)N(=O)=O,train,3.787,2.11,0.58,0.805,0,0,1.61
619-80-7,NC(=O)c1ccc(cc1)N(=O)=O,train,3.097,2.329,0.711,0.868,0,1,1.229
62-53-3,Nc1ccccc1,train,3.078,2.512,0.134,0.862,0,0,1.506
62-55-5,CC(=S)N,train,2.445,1.512,0.57,0.879,0,1,-0.317
62-73-7,COP(=O)(OC=C(Cl)Cl)OC,train,4.796,2.092,1.359,2.273,1,1,1.246
62-75-9,O=NN(C)C,train,1.897,1.774,0.429,2.299,0,0,-0.41
620-88-2,O=N(=O)c1ccc(cc1)Oc1ccccc1,train,4.906,3.052,0.638,0.903,0,0,3.237
6203-18-5,O=CC=Cc1ccc(cc1)N(C)C,test,4.473,3.314,0.331,1.397,3,0,2.048
621-08-9,O=S(Cc1ccccc1)Cc1ccccc1,test,3.459,3.554,0.629,0.945,0,0,3.315
621-42-1,CC(=O)Nc1cccc(c1)O,train,2.126,2.726,0.496,1.179,0,1,1.06
622-40-2,OCCN1CCOCC1,test,1.680,2.983,0.496,2.106,0,0,-0.521
623-25-6,ClCc1ccc(cc1)CCl,train,6.652,2.778,0.83,1.046,0,0,3.562
625-86-5,Cc1ccc(o1)C,train,3.131,2.634,0.223,1.298,0,0,0.943
626-43-7,Nc1cc(Cl)cc(c1)Cl,train,4.620,2.08,0.891,0.816,0,0,2.729
6266-23-5,OC(=O)C[n+]1ccccc1,train,3.030,2.536,0.496,1.482,0,1,0.204
627-30-5,OCCCCl,train,2.072,2.034,0.64,1.727,0,0,0.8
628-76-2,ClCCCCCCl,train,3.746,2.755,0.83,1.656,0,0,2.957
6284-83-9,Clc1c(N(=O)=O)c(Cl)cc(c1N(=O)=O)Cl,train,6.087,1.892,1.441,0.776,0,0,3.426
629-04-9,CCCCCCCBr,train,5.086,3.402,0.604,1.517,0,0,3.451
629-19-6,CCCSSCCC,train,4.759,3.219,0.811,1.127,0,0,2.604
629-40-3,N#CCCCCCCC#N,train,2.412,3.137,0.251,1.335,0,0,1.141
63-25-2,CNC(=O)Oc1cccc2c1cccc2,train,4.446,3.195,0.496,1.133,0,1,2.222
631-64-1,BrC(C(=O)O)Br,train,3.499,1,1.15,0.968,0,1,0.996
633-96-5,Oc1ccc2c(c1N=Nc1ccc(cc1)S(=O)(=O)O)cccc2,train,3.327,3.343,1.068,0.923,0,0,2.538
634-66-2,Clc1c(Cl)ccc(c1Cl)Cl,test,5.361,2.126,1.278,0.896,0,0,4.634
634-67-3,Nc1ccc(c(c1Cl)Cl)Cl,test,4.737,2.019,1.126,0.793,0,0,3.314
635-93-8,O=Cc1cc(Cl)ccc1O,train,5.308,2.217,0.764,0.859,1,0,2.269
636-30-6,Clc1cc(Cl)c(cc1N)Cl,test,5.001,2.019,1.126,0.793,0,0,3.314
6361-21-3,O=Cc1cc(ccc1Cl)N(=O)=O,train,4.672,2.025,0.932,0.851,1,0,2.212
6393-42-6,Cc1cc(N(=O)=O)c(c(c1)N(=O)=O)N,train,4.181,2.479,0.887,0.954,0,0,1.748
64-17-5,CCO,train,0.534,1.946,0.223,1.929,0,0,-0.172
6408-78-2,O=C1c2ccccc2C(=O)c2c1c(Nc1ccccc1)cc(c2N)S(=O)(=O)O,train,4.540,3.651,1.151,0.911,0,2,2.278
645-56-7,CCCc1ccc(cc1)O,train,4.093,3.252,0.223,1.077,0,0,2.51
6491-02-7,Clc1cccc(c1)NC(=O)c1cccc(c1O)N(=O)=O,train,6.077,2.987,1.076,0.921,0,1,3.318
65-30-5,CN1CCCC1c1cccnc1,train,4.132,3.405,0.251,1.56,0,0,1.272
65-45-2,NC(=O)c1ccccc1O,train,3.133,2.43,0.496,0.849,0,1,1.237
653-37-2,O=Cc1c(F)c(F)c(c(c1F)F)F,test,5.251,2.233,1.07,0.841,1,0,3.377
654-66-0,Oc1ccc(c(c1)C(F)(F)F)[N+](=O)[O-],train,4.399,2.065,1.062,0.852,0,0,2.463
6575-09-3,N#Cc1c(C)cccc1Cl,test,4.002,2.469,0.582,0.913,0,0,2.688
66-25-1,CCCCCC=O,train,3.757,3.08,0.223,1.583,1,0,1.442
6602-32-0,Oc1cccnc1Br,test,2.569,1.634,0.798,1.093,0,0,0.68
66332-96-5,CC(Oc1cccc(c1)NC(=O)c1ccccc1C(F)(F)F)C,train,4.828,3.596,0.972,0.941,0,1,4.179
6636-78-8,Oc1cccnc1Cl,train,2.319,1.634,0.713,1.19,0,0,0.501
66441-23-4,CCOC(=O)C(Oc1ccc(cc1)Oc1nc2c(o1)cc(cc2)Cl)C,train,4.706,3.675,1.112,1.314,0,1,3.474
67-36-7,O=Cc1ccc(cc1)Oc1ccccc1,train,4.632,3.333,0.405,0.963,1,0,2.974
67-63-0,CC(O)C,test,0.778,2.396,0.223,1.778,0,0,0.347
67-64-1,CC(=O)C,test,0.855,2.026,0.223,1.667,0,1,0.202
67-68-5,CS(=O)C,train,0.361,1.751,0.629,1.483,0,0,-0.317
67-72-1,ClC(C(Cl)(Cl)Cl)(Cl)Cl,train,5.242,2.189,1.586,2,0,0,3.291
68-11-1,OC(=O)CS,train,3.487,1.333,0.754,1.148,0,1,-0.386
68-12-2,O=CN(C)C,train,0.841,2.034,0.331,2.672,1,0,-0.273
683-72-7,ClC(C(=O)N)Cl,train,2.725,0.973,0.988,1.489,0,1,0.18
68359-37-5,N#CC(c1ccc(c(c1)Oc1ccccc1)F)OC(=O)C1C(C1(C)C)C=C(Cl)Cl,train,8.604,3.828,1.259,0.966,1,2,4.279
685-91-6,CCN(C(=O)C)CC,train,1.885,3.029,0.331,2.13,0,1,0.967
6921-29-5,C#CCN(CC#C)CC#C,test,2.647,3.003,0.134,1.413,0,0,2.242
693-16-3,CCCCCCC(N)C,train,4.396,3.74,0.134,1.581,0,0,2.274
693-21-0,O=N(=O)OCCOCCON(=O)=O,train,2.601,2.555,1.11,1.686,0,0,0.289
693-54-9,CCCCCCCCC(=O)C,train,4.510,3.86,0.223,1.55,0,1,3.661
693-65-2,CCCCCOCCCCC,train,4.703,3.98,0.223,1.723,0,0,2.894
693-93-6,Cc1cocn1,train,1.777,1.783,0.331,1.667,0,0,0.087
693-98-1,Cc1ncc[nH]1,test,2.458,2.126,0.251,1.719,0,0,0.087
6948-86-3,CCOC(CN(CC(OCC)OCC)C)OCC,train,2.618,4.191,0.762,2.195,0,0,1.239
69723-94-0,[O-]S(=O)(=O)c1ccc[n+](c1)Cc1ccccc1,train,2.015,3.065,0.923,1.317,0,0,1.271
69770-23-6,O=Cc1cccc(c1)Oc1ccc(cc1)C(C)(C)C,train,5.842,3.961,0.405,1.083,1,0,3.987
70-30-4,Clc1cc(Cl)c(c(c1O)Cc1c(O)c(Cl)cc(c1Cl)Cl)Cl,train,7.287,3.005,1.683,0.774,0,0,4.804
70-38-2,CC(=CC1C(C1(C)C)C(=O)OCc1ccc(cc1C)C)C,train,6.665,4.36,0.405,1.228,1,2,4.235
70-69-9,CCC(=O)c1ccc(cc1)N,test,3.009,3.027,0.331,1.011,0,1,1.807
700-38-9,Cc1ccc(c(c1)O)N(=O)=O,train,3.513,2.448,0.638,0.921,0,0,1.701
700-58-3,O=C1C2CC3CC1CC(C2)C3,train,3.393,3.461,0.223,1.111,0,1,2.357
70124-77-5,N#CC(c1cccc(c1)Oc1ccccc1)OC(=O)C(c1ccc(cc1)OC(F)F)C(C)C,train,9.354,4.219,1.033,0.963,0,1,4.246
70343-06-5,O=N(=O)c1ccc(c(c1N)N(=O)=O)C,train,4.208,2.479,0.887,0.954,0,0,1.748
706-14-9,CCCCCCC1CCC(=O)O1,train,3.976,3.676,0.405,1.524,0,1,2.289
708-76-9,COc1cc(OC)cc(c1C=O)O,train,4.832,3.033,0.693,1.312,1,0,1.21
709-98-8,CCC(=O)Nc1ccc(c(c1)Cl)Cl,train,4.404,2.684,0.988,1.226,0,1,3.076
71-23-8,CCCO,train,1.121,2.396,0.223,1.778,0,0,0.347
71-36-3,CCCCO,train,1.589,2.748,0.223,1.705,0,0,0.8
71-41-0,CCCCCO,train,2.217,3.035,0.223,1.662,0,0,1.209
71-43-2,c1ccccc1,train,3.502,2.585,0,0.917,0,0,2.255
71-55-6,CC(Cl)(Cl)Cl,train,3.402,1.439,1.079,1.867,0,0,2.226
71-73-8,CCCC(C1(CC)C(=O)NC(=NC1=O)S)C,train,4.004,3.444,0.88,1.466,0,3,1.95
7173-51-5,CCCCCCCCCC[N+](CCCCCCCCCC)(C)C,train,6.040,5.158,0.134,1.791,0,0,3.118
71862-02-7,Cc1c(NC=O)cccc1Cl,train,3.561,2.526,0.713,1.201,1,0,2.213
72-43-5,COc1ccc(cc1)C(C(Cl)(Cl)Cl)c1ccc(cc1)OC,train,7.607,3.593,1.236,1.166,0,0,4.268
72-54-8,ClC(C(c1ccc(cc1)Cl)c1ccc(cc1)Cl)Cl,train,4.862,3.376,1.278,0.915,0,0,5.934
7209-38-3,NCCCN1CCN(CC1)CCCN,train,1.810,3.98,0.452,2.013,0,0,-0.022
7212-44-4,C=CC(CCC=C(CCC=C(C)C)C)(O)C,train,5.192,4.305,0.223,1.348,3,2,3.909
7250-67-1,ClCCN1CCCC1,train,3.046,2.926,0.582,1.939,0,0,1.548
7307-55-3,CCCCCCCCCCCN,train,5.912,4.166,0.134,1.556,0,0,4.098
732-11-6,COP(=S)(SCN1C(=O)c2c(C1=O)cccc2)OC,train,4.593,2.938,1.385,1.225,0,2,1.02
732-26-3,Oc1c(cc(cc1C(C)(C)C)C(C)(C)C)C(C)(C)C,train,6.634,4.536,0.223,1.29,0,0,4.907
7383-19-9,CCCCC(C#C)O,train,4.804,3.134,0.223,1.319,0,0,1.795
75-04-7,CCN,train,2.300,2.165,0.134,1.912,0,0,-0.172
75-05-8,CC#N,train,1.399,1.126,0.134,1.431,0,0,-0.317
75-07-0,CC=O,train,3.076,1.429,0.223,1.75,1,0,-0.317
75-21-8,O1CC1,train,2.720,1.429,0.223,1.804,0,0,-0.564
75-35-4,ClC(=C)Cl,train,2.856,1,0.83,1.432,0,1,1.672
75-36-5,CC(=O)Cl,train,3.272,0.965,0.64,1.695,0,1,0.202
75-57-0,C[N+](C)(C)C,train,2.375,3.001,0.134,2.92,0,0,-2.884
75-65-0,CC(O)(C)C,test,1.063,2.748,0.223,1.705,0,0,0.8
75-89-8,OCC(F)(F)F,train,2.925,1.279,0.811,1.313,0,0,0.58
75-97-8,CC(=O)C(C)(C)C,train,3.061,3.08,0.223,1.583,0,1,1.442
75-99-0,OC(=O)C(Cl)(Cl)C,train,2.693,1.523,1.028,1.512,0,1,0.996
756-80-9,COP(=S)(OC)S,train,3.828,1.832,1.209,1.364,0,0,-0.792
76-01-7,ClC(C(Cl)(Cl)Cl)Cl,train,4.440,1.701,1.443,1.905,0,0,2.957
76-03-9,OC(=O)C(Cl)(Cl)Cl,train,1.911,1.094,1.236,1.461,0,1,0.996
76-44-8,ClC1C=CC2C1C1(Cl)C(=C(C2(C1(Cl)Cl)Cl)Cl)Cl,train,7.017,2.931,1.71,0.935,2,2,5.124
760-23-6,ClC(C=C)CCl,train,4.184,2.126,0.83,1.455,1,0,2.459
761-65-9,CCCCN(C=O)CCCC,train,3.246,3.641,0.331,1.933,1,0,1.971
764-01-2,CC#CCO,train,3.841,2.137,0.223,1.179,0,0,0.655
764-13-6,CC(=CC=C(C)C)C,train,4.465,3.514,0,1.375,2,2,3.038
768-94-5,NC12CC3CC(C2)CC(C1)C3,train,3.782,3.668,0.134,1.132,0,0,2.502
769-28-8,N#Cc1c(C)cc(nc1O)C,train,2.975,2.632,0.429,1.176,0,0,1.074
77-47-4,ClC1=C(Cl)C(C(=C1Cl)Cl)(Cl)Cl,train,7.591,2.465,1.586,1,0,4,3.558
77-71-4,O=C1NC(=O)C(N1)(C)C,train,0.890,2.33,0.58,1.776,0,2,-0.741
77-73-6,C1=CC2C(C1)C1C=CC2C1,test,3.407,3.465,0,0.963,4,0,3.267
77-74-7,CCC(CC)(O)C,train,2.182,3.277,0.223,1.633,0,0,1.587
77-75-8,CC(C#C)(CC)O,train,1.906,2.866,0.223,1.288,0,0,1.442
7700-17-6,COP(=O)(OC(=CC(=O)OC(c1ccccc1)C)C)OC,test,4.422,3.738,1.131,1.584,1,2,2.558
771-60-8,Fc1c(N)c(F)c(c(c1F)F)F,test,3.693,2.08,1.033,0.902,0,0,3.157
7785-70-8,CC1=CCC2CC1C2(C)C,train,5.689,3.739,0,1.204,1,1,3.374
78-27-3,C#CC1(O)CCCCC1,test,2.686,3.191,0.223,1.154,0,0,1.737
78-34-2,CCOP(=S)(SC1OCCOC1SP(=S)(OCC)OCC)OCC,train,4.691,3.815,1.825,1.351,0,0,-0.45
78-51-3,CCCCOCCOP(=O)(OCCOCCCC)OCCOCCCC,test,4.551,4.628,1.209,1.968,0,0,2.437
78-59-1,CC1=CC(=O)CC(C1)(C)C,train,2.737,3.41,0.223,1.278,1,2,1.947
78-79-5,C=CC(=C)C,train,2.953,2.739,0,1.3,1,1,1.974
78-83-1,OCC(C)C,train,1.691,2.748,0.223,1.705,0,0,0.8
78-87-5,ClCC(Cl)C,train,2.928,2.024,0.83,1.761,0,0,2.226
78-90-0,NCC(N)C,train,1.817,2.665,0.251,1.762,0,0,-0.534
78-92-2,CCC(O)C,test,1.305,2.748,0.223,1.705,0,0,0.8
78-93-3,CCC(=O)C,train,1.352,2.462,0.223,1.625,0,1,0.655
78-96-6,CC(CN)O,train,1.474,2.377,0.331,1.734,0,0,-0.534
786-19-6,CCOP(=S)(OCC)SCSc1ccc(cc1)Cl,train,6.160,3.2,1.531,1.059,0,0,3.089
79-00-5,ClCC(Cl)Cl,test,3.213,1.439,1.079,1.867,0,0,2.226
79-01-6,ClC=C(Cl)Cl,test,3.470,1.126,1.079,1.44,1,1,2.081
79-06-1,NC(=O)C=C,train,2.766,1.636,0.331,1.265,1,1,-0.38
79-20-9,COC(=O)C,train,2.269,2.024,0.405,2.065,0,1,0.133
79-34-5,ClC(C(Cl)Cl)Cl,train,3.916,1.5,1.278,1.868,0,0,2.604
79-77-6,CC(=O)C=CC1=C(C)CCCC1(C)C,train,4.577,3.957,0.223,1.269,2,3,2.998
79-95-8,CC(c1cc(Cl)c(c(c1)Cl)O)(c1cc(Cl)c(c(c1)Cl)O)C,test,5.440,3.383,1.408,0.892,0,0,4.804
791-28-6,O=P(c1ccccc1)(c1ccccc1)c1ccccc1,test,3.715,3.819,0.615,0.864,0,0,4.878
79124-76-8,O=Cc1cccc(c1)Oc1ccc(c(c1)Cl)Cl,train,5.950,3.044,1.028,0.959,1,0,3.762
80-05-7,CC(c1ccc(cc1)O)(c1ccc(cc1)O)C,train,4.691,3.776,0.405,0.92,0,0,3.306
80-06-8,CC(c1ccc(cc1)Cl)(c1ccc(cc1)Cl)O,train,5.264,3.39,0.934,0.889,0,0,4.436
80-46-6,CCC(c1ccc(cc1)O)(C)C,train,4.810,3.645,0.223,1.155,0,0,3.105
80-52-4,CC1(N)CCC(CC1)C(N)(C)C,train,3.416,3.921,0.251,1.398,0,0,1.622
80-54-6,O=CC(Cc1ccc(cc1)C(C)(C)C)C,test,4.611,3.993,0.223,1.214,1,0,3.563
80-62-6,COC(=O)C(=C)C,train,2.495,2.507,0.405,1.652,0,2,0.888
8004-87-3,CN=C1C=CC(C=C1)C(c1ccc(cc1)N(C)C)c1ccc(cc1)N(C)C,train,6.923,4.566,0.357,1.394,4,1,3.903
81-19-6,ClC(c1c(Cl)cccc1Cl)Cl,train,5.372,2.377,1.278,0.974,0,0,4.658
813-78-5,COP(=O)(OC)O,train,3.845,2.118,0.956,2.539,0,0,-0.406
818-61-1,OCCOC(=O)C=C,train,4.384,2.523,0.56,1.602,1,1,0.052
818-72-4,CCCCCC(C#C)O,train,5.485,3.361,0.223,1.342,0,0,2.129
821-55-6,CCCCCCCC(=O)C,train,3.971,3.7,0.223,1.556,0,1,3.358
822-86-6,ClC1CCCCC1Cl,train,3.920,2.818,0.83,1.386,0,0,2.899
83-32-9,c1cc2cccc3c2c(c1)CC3,train,4.984,3.465,0,0.802,0,0,3.958
83-34-1,Cc1c[nH]c2c1cccc2,train,4.171,3.003,0.134,1.032,0,0,2.152
83-79-4,COc1cc2c(cc1OC)OCC1C2C(=O)c2c(O1)c1CC(Oc1cc2)C(=C)C,test,7.849,4.268,0.916,1.19,0,2,1.936
831-82-3,Oc1ccc(cc1)Oc1ccccc1,train,4.578,3.26,0.405,0.921,0,0,2.782
834-12-8,CCNc1nc(NC(C)C)nc(n1)SC,train,4.377,3.426,0.85,1.792,0,0,2.59
84-62-8,O=C(c1ccccc1C(=O)Oc1ccccc1)Oc1ccccc1,train,6.600,3.888,0.693,0.978,0,2,4.633
84-66-2,CCOC(=O)c1ccccc1C(=O)OCC,train,4.116,3.477,0.693,1.344,0,2,2.577
84-69-5,CC(COC(=O)c1ccccc1C(=O)OCC(C)C)C,train,5.490,4.05,0.693,1.381,0,2,3.618
84-74-2,CCCCOC(=O)c1ccccc1C(=O)OCCCC,train,5.367,4.05,0.693,1.381,0,2,3.618
84-83-3,O=CC=C1N(C)c2c(C1(C)C)cccc2,train,4.711,3.557,0.331,1.301,2,1,2.209
85-68-7,CCCCOC(=O)c1ccccc1C(=O)OCc1ccccc1,train,5.224,4.073,0.693,1.171,0,2,4.091
86-57-7,O=N(=O)c1cccc2c1cccc2,train,4.284,2.744,0.496,0.753,0,0,3.018
86-74-8,c1ccc2c(c1)[nH]c1c2cccc1,train,5.292,3.252,0.134,0.875,0,0,2.859
868-77-9,CC(=C)C(=O)OCCO,test,2.758,2.815,0.56,1.585,0,2,0.43
868-85-9,COP(=O)OC,train,2.689,2.031,0.854,2.591,0,0,-0.816
87-17-2,O=C(c1ccccc1O)Nc1ccccc1,train,4.732,3.265,0.496,0.962,0,1,3.055
87-61-6,Clc1c(Cl)cccc1Cl,test,4.890,2.085,1.079,0.895,0,0,4.063
87-68-3,ClC(=C(Cl)Cl)C(=C(Cl)Cl)Cl,train,6.416,2.351,1.586,1.25,0,4,3.659
87-72-9,OC1COC(C(C1O)O)O,train,0.600,2.822,0.811,1.524,0,0,-2.089
87-91-2,CCOC(=O)C(C(C(=O)OCC)O)O,train,2.501,3.315,0.916,1.753,0,2,-0.439
872-31-1,Brc1cscc1,train,4.421,1.417,0.898,0.648,0,0,2.042
874-42-0,O=Cc1ccc(cc1Cl)Cl,train,4.988,2.118,0.934,0.913,1,0,2.956
88-06-2,Clc1cc(Cl)c(c(c1)Cl)O,train,4.499,1.925,1.16,0.801,0,0,3.314
88-68-6,NC(=O)c1ccccc1N,train,2.537,2.536,0.429,0.871,0,1,1.237
88-72-2,O=N(=O)c1ccccc1C,train,3.568,2.43,0.496,0.946,0,0,2.241
88-73-3,O=N(=O)c1ccccc1Cl,train,3.731,1.822,0.829,0.834,0,0,2.509
88-75-5,O=N(=O)c1ccccc1O,train,2.939,2.125,0.638,0.831,0,0,1.348
88-85-7,CCC(c1cc(cc(c1O)N(=O)=O)N(=O)=O)C,train,6.236,3.098,0.93,1.075,0,0,2.702
882-33-7,c1ccc(cc1)SSc1ccccc1,train,6.298,3.26,0.811,0.702,0,0,4.412
886-86-2,CCOC(=O)c1cccc(c1)N,train,3.522,2.982,0.496,1.151,0,1,1.783
88963-39-7,Clc1ccc(c(c1Cl)N)Cl,test,4.730,2.019,1.126,0.793,0,0,3.314
89-62-3,Cc1ccc(c(c1)N(=O)=O)N,train,3.789,2.508,0.58,0.941,0,0,1.701
89-83-8,Cc1ccc(c(c1)O)C(C)C,train,4.672,3.461,0.223,1.12,0,0,2.813
89-98-5,O=Cc1ccccc1Cl,test,4.750,2.233,0.64,0.92,1,0,2.37
90-02-8,O=Cc1ccccc1O,train,4.725,2.477,0.405,0.876,1,0,1.667
90-12-0,Cc1cccc2c1cccc2,test,4.199,3.394,0,0.868,0,0,3.677
90-13-1,Clc1cccc2c1cccc2,train,4.849,2.937,0.499,0.8,0,0,3.945
90-15-3,Oc1cccc2c1cccc2,train,4.538,3.012,0.223,0.76,0,0,2.637
90-43-7,Oc1ccccc1c1ccccc1,train,4.507,3.315,0.223,0.799,0,0,3.127
90-59-5,O=Cc1cc(Br)cc(c1O)Br,test,5.518,2.11,1.15,0.72,1,0,3.157
9002-93-1,OCCOc1ccc(cc1)C(CC(C)(C)C)(C)C,test,4.668,4.278,0.405,1.345,0,0,3.546
91-20-3,c1ccc2c(c1)cccc2,train,4.322,3.179,0,0.805,0,0,3.386
91-22-5,c1ccc2c(c1)nccc2,train,3.448,2.834,0.134,1.009,0,0,2.066
91-23-6,COc1ccccc1N(=O)=O,train,2.904,2.448,0.638,1.121,0,0,1.701
91-65-6,CCN(C1CCCCC1)CC,test,3.861,3.921,0.134,1.789,0,0,2.502
91-66-7,CCN(c1ccccc1)CC,train,3.959,3.532,0.134,1.518,0,0,2.813
91-88-3,OCCN(c1cccc(c1)C)CC,train,3.530,3.585,0.331,1.491,0,0,2.224
91-94-1,Nc1ccc(cc1Cl)c1ccc(c(c1)Cl)N,train,5.107,3.086,0.948,0.751,0,0,3.586
92-52-4,c1ccc(cc1)c1ccccc1,train,4.809,3.465,0,0.837,0,0,3.876
92-69-3,Oc1ccc(cc1)c1ccccc1,train,4.440,3.315,0.223,0.799,0,0,3.127
920-66-1,OC(C(F)(F)F)C(F)(F)F,train,2.838,1.855,1.179,1.44,0,0,1.587
924-41-4,C=CCC(C=C)O,train,3.411,2.866,0.223,1.288,2,0,1.335
927-74-2,OCCC#C,train,3.288,2.137,0.223,1.179,0,0,0.655
93-89-0,CCOC(=O)c1ccccc1,train,4.247,3.036,0.405,1.205,0,1,2.351
93-91-4,O=C(c1ccccc1)CC(=O)C,train,5.169,3.111,0.405,1.05,0,2,1.756
932-16-1,CC(=O)c1cccn1C,test,2.895,2.677,0.331,1.582,0,1,0.586
935-95-5,Clc1cc(Cl)c(c(c1Cl)O)Cl,test,5.348,1.962,1.345,0.783,0,0,3.617
937-20-2,ClCC(=O)c1ccc(cc1)Cl,train,4.208,2.442,0.934,0.984,0,1,2.991
939-23-1,c1ccc(cc1)c1ccncc1,test,3.984,3.171,0.134,1.011,0,0,2.186
94-09-7,CCOC(=O)c1ccc(cc1)N,train,3.665,2.982,0.496,1.151,0,1,1.783
94-62-2,O=C(N1CCCCC1)C=CC=Cc1ccc2c(c1)OCO2,train,4.561,3.874,0.638,1.352,4,1,2.575
94-67-7,ON=Cc1ccccc1O,train,4.628,2.43,0.496,0.83,1,0,1.132
94-75-7,OC(=O)COc1ccc(cc1Cl)Cl,train,2.839,2.435,1.113,1.109,0,1,2.354
94-81-5,OC(=O)CCCOc1ccc(cc1C)Cl,train,4.262,3.247,0.874,1.221,0,1,2.659
94-82-6,OC(=O)CCCOc1ccc(cc1Cl)Cl,test,4.141,2.928,1.113,1.185,0,1,2.927
944-22-9,CCP(=S)(Sc1ccccc1)OCC,train,5.354,3.235,1.131,0.996,0,0,2.723
945-51-7,O=S(c1ccccc1)c1ccccc1,train,3.365,3.177,0.629,0.871,0,0,3.315
95-01-2,O=Cc1ccc(cc1O)O,train,4.023,2.495,0.56,0.835,1,0,1.099
95-16-9,c1ccc2c(c1)scn2,train,3.325,2.233,0.57,0.883,0,0,1.501
95-47-6,Cc1ccccc1C,train,3.811,3.179,0,1.063,0,0,2.942
95-48-7,Cc1ccccc1O,train,3.897,2.728,0.223,0.953,0,0,1.859
95-49-8,Cc1ccccc1Cl,test,4.230,2.62,0.499,0.99,0,0,3.21
95-50-1,Clc1ccccc1Cl,train,4.194,2.126,0.83,0.899,0,0,3.478
95-51-2,Nc1ccccc1Cl,test,4.353,2.216,0.582,0.839,0,0,2.127
95-52-3,Cc1ccccc1F,train,3.753,2.62,0.288,0.839,0,0,3.045
95-53-4,Cc1ccccc1N,train,3.120,2.834,0.134,0.95,0,0,1.859
95-57-8,Oc1ccccc1Cl,train,3.995,2.086,0.64,0.838,0,0,2.127
95-63-6,Cc1ccc(c(c1)C)C,train,4.192,3.407,0,1.111,0,0,3.259
95-65-8,Oc1ccc(c(c1)C)C,test,3.920,3.012,0.223,1.023,0,0,2.193
95-73-8,Clc1ccc(c(c1)Cl)C,train,4.540,2.477,0.83,0.983,0,0,3.795
95-75-0,Cc1ccc(c(c1)Cl)Cl,train,4.743,2.477,0.83,0.983,0,0,3.795
95-76-1,Nc1ccc(c(c1)Cl)Cl,train,4.332,2.08,0.891,0.816,0,0,2.729
95-80-7,Nc1ccc(c(c1)N)C,train,1.935,2.888,0.251,0.944,0,0,1.246
95-82-9,Clc1ccc(c(c1)N)Cl,train,4.989,2.08,0.891,0.816,0,0,2.729
95-94-3,Clc1cc(Cl)c(cc1Cl)Cl,train,5.815,2.126,1.278,0.896,0,0,4.634
95-95-4,Clc1cc(Cl)c(cc1O)Cl,train,5.192,1.925,1.16,0.801,0,0,3.314
955-83-9,c1ccc(cc1)c1ccc(o1)c1ccccc1,train,6.644,3.69,0.223,0.883,0,0,3.887
957-51-7,CN(C(=O)C(c1ccccc1)c1ccccc1)C,test,3.698,3.814,0.331,1.225,0,1,3.345
96-05-9,C=CCOC(=O)C(=C)C,train,5.105,2.888,0.405,1.472,1,2,1.522
96-09-3,O1CC1c1ccccc1,train,4.050,2.824,0.223,1.051,0,0,1.533
96-13-9,OCC(CBr)Br,train,3.487,1.855,1.067,1.244,0,0,1.587
96-17-3,CC(C=O)CC,test,3.937,2.802,0.223,1.6,1,0,1.064
96-18-4,ClCC(CCl)Cl,train,3.408,1.92,1.079,1.738,0,0,2.604
96-22-0,CCC(=O)CC,train,1.748,2.802,0.223,1.6,0,1,1.064
96-29-7,CC(=NO)CC,train,2.014,2.435,0.331,1.532,0,1,0.586
96-80-0,OCCN(C(C)C)C(C)C,train,2.859,3.611,0.331,2.017,0,0,1.393
97-02-9,O=N(=O)c1ccc(c(c1)N(=O)=O)N,train,4.084,2.215,0.887,0.888,0,0,1.395
97-23-4,Oc1ccc(cc1Cc1cc(Cl)ccc1O)Cl,train,5.939,3.16,1.028,0.809,0,0,3.842
97-53-0,C=CCc1ccc(c(c1)OC)O,train,3.835,3.26,0.405,1.151,1,0,2.11
98-01-1,O=Cc1ccco1,test,3.660,1.965,0.405,1.169,1,0,-0.145
98-03-3,O=Cc1cccs1,train,3.460,1.783,0.629,0.75,1,0,0.736
98-16-8,Nc1cccc(c1)C(F)(F)F,train,3.769,2.348,0.762,0.85,0,0,2.621
98-54-4,CC(c1ccc(cc1)O)(C)C,train,4.463,3.461,0.223,1.12,0,0,2.813
98-82-8,CC(c1ccccc1)C,train,4.279,3.407,0,1.111,0,0,3.259
98-86-2,CC(=O)c1ccccc1,train,2.870,2.824,0.223,1,0,1,2.102
98-88-4,ClC(=O)c1ccccc1,train,3.615,2.233,0.64,0.92,0,1,2.102
98-95-3,O=N(=O)c1ccccc1,train,3.022,2.08,0.496,0.858,0,0,1.887
98434-34-5,COc1c(N(=O)=O)c(C=O)cc(c1O)Br,train,3.575,2.434,1.17,0.996,1,0,1.391
99-03-6,Nc1cccc(c1)C(=O)C,train,2.550,2.765,0.331,0.951,0,1,1.49
99-08-1,Cc1cccc(c1)N(=O)=O,test,3.660,2.43,0.496,0.946,0,0,2.241
99-35-4,O=N(=O)c1cc(cc(c1)N(=O)=O)N(=O)=O,train,5.303,2.252,1.075,0.885,0,0,2.005
99-52-5,O=N(=O)c1ccc(c(c1)C)N,train,3.242,2.508,0.58,0.941,0,0,1.701
99-55-8,O=N(=O)c1ccc(c(c1)N)C,train,3.345,2.508,0.58,0.941,0,0,1.701
99-61-6,O=Cc1cccc(c1)N(=O)=O,train,4.416,2.251,0.638,0.871,1,0,1.61
99-65-0,O=N(=O)c1cccc(c1)N(=O)=O,train,4.239,2.094,0.827,0.86,0,0,1.886
99-86-5,CC1=CC=C(CC1)C(C)C,train,4.638,3.739,0,1.25,2,2,3.267
99-97-8,Cc1ccc(cc1)N(C)C,train,3.415,3.332,0.134,1.519,0,0,2.51
99-99-0,Cc1ccc(cc1)N(=O)=O,train,3.441,2.43,0.496,0.946,0,0,2.241
999-61-1,CC(COC(=O)C=C)O,test,4.590,2.815,0.56,1.585,1,1,0.43
127-08-2/64-19-7,CC(=O)O,train,2.661,1.5,0.405,1.669,0,1,-0.386
141-05-9/623-91-6,CCOC(=O)C=CC(=O)OCC,train,4.282,3.126,0.693,1.69,2,2,1.024
1490-04-6/2216-51-5,CC1CCC(C(C1)O)C(C)C,train,3.919,3.86,0.223,1.429,0,0,2.502
1918-02-1/2545-60-0,OC(=O)c1nc(Cl)c(c(c1Cl)N)Cl,train,3.350,1.814,1.316,1.074,0,1,1.119
22212-55-1/33878-50-1,CCOC(=O)C(N(C(=O)c1ccccc1)c1ccc(c(c1)Cl)Cl)C,train,5.749,3.69,1.159,1.295,0,2,4.449
51630-58-1/66230-04-4,N#CC(c1cccc(c1)Oc1ccccc1)OC(=O)C(c1ccc(cc1)Cl)C(C)C,test,8.916,4.211,0.932,1.045,0,1,4.832
57-15-8/6001-64-5,CC(C(Cl)(Cl)Cl)(O)C,test,3.130,2.16,1.16,1.607,0,0,1.94
584-79-2/28434-00-6,C=CCC1=C(C)C(CC1=O)OC(=O)C1C(C1(C)C)C=C(C)C,test,6.683,4.327,0.56,1.254,2,5,3.399
60-57-1/72-20-8,ClC1=C(Cl)C2(C(C1(Cl)C1C2C2CC1C1C2O1)(Cl)Cl)Cl,test,8.433,3.057,1.636,0.995,0,2,4.452
76-29-9/10293-06-8,BrC1C(=O)C2(C(C1CC2)(C)C)C,test,3.529,3.401,0.732,1.185,0,1,2.791
87-86-5/131-52-2,Clc1c(O)c(Cl)c(c(c1Cl)Cl)Cl,train,6.093,2.086,1.501,0.766,0,0,3.909
928-96-1/928-97-2,OCCC=CCC,train,2.494,3.08,0.223,1.462,2,0,1.442
98-04-4/28001-58-3,C[N+](c1ccccc1)(C)C,train,3.017,3.41,0.134,1.722,0,0,-1.174
2310-17-0,c12c(cc(Cl)cc1)OC(=O)N2CSP(=S)(OCC)OCC,test,6.238,3.101,1.535,1.326,0,1,1.655
26530-20-1,C1(=O)C=CSN1CCCCCCCC,train,6.183,3.599,0.702,1.514,2,1,3.247
314-40-9,C1(=O)C(Br)=C(C)NC(=O)N1C(C)CC,train,3.152,2.986,0.961,1.669,0,4,1.798
3347-22-6,C12C(=O)c3c(C(=O)C=1SC(C#N)=C(C#N)S2)cccc3,train,6.254,2.804,1.11,0.618,0,6,1.317
51235-04-2,C1(=O)N(C2CCCCC2)C(=O)N(C)C(N(C)C)=N1,train,2.964,3.67,0.728,2.11,0,3,2.288
525-82-6,C1(=O)c2c(cccc2)OC(c2ccccc2)=C1,train,4.803,3.475,0.405,0.875,1,2,3.148
58-08-2,CN1c2ncn(C)c2C(=O)N(C)C1=O,train,3.109,2.801,0.728,2.226,0,2,0.736
59756-60-4,c1(C2C(=O)C(c3cc(C(F)(F)F)ccc3)=CN(C)C=2)ccccc1,train,4.040,3.652,0.872,0.867,2,3,3.983
66-76-2,C1(O)c2c(cccc2)OC(=O)C=1CC1C(=O)Oc2c(C=1O)cccc2,train,4.818,3.763,0.916,0.878,0,6,2.918
86-50-0,C1(=O)c2c(cccc2)N=NN1CSP(=S)(OC)OC,train,5.317,2.831,1.393,1.077,0,1,0.906
96489-71-3,C1(=O)C(Cl)=C(SCc2ccc(C(C)(C)C)cc2)C=NN1C(C)(C)C,test,8.201,4.057,1.032,1.183,1,3,4.754
